{"type":"Topology","objects":{"Odisha":{"type":"GeometryCollection","bbox":[81.41739116971075,17.81631038703502,87.5225828214265,22.56509324927148],"geometries":[{"type":"Polygon","properties":{"ac":"147","ASSEMBLY_1":"CHITRAKONDA (ST)","DISTRICT":"MALKANGIRI","PARLIAMENT":"12","P_NAME":"NABARANGPUR (ST)","STATE_UT":"ORISSA"},"arcs":[[0,1,2,3,4]]},{"type":"Polygon","properties":{"ac":"146","ASSEMBLY_1":"MALKANGIRI (ST)","DISTRICT":"MALKANGIRI","PARLIAMENT":"12","P_NAME":"NABARANGPUR (ST)","STATE_UT":"ORISSA"},"arcs":[[-3,5]]},{"type":"Polygon","properties":{"ac":"145","ASSEMBLY_1":"POTTANGI (ST)","DISTRICT":"KORAPUT","PARLIAMENT":"21","P_NAME":"KORAPUT (ST)","STATE_UT":"ORISSA"},"arcs":[[6,7,8]]},{"type":"Polygon","properties":{"ac":"144","ASSEMBLY_1":"KORAPUT (SC)","DISTRICT":"KORAPUT","PARLIAMENT":"21","P_NAME":"KORAPUT (ST)","STATE_UT":"ORISSA"},"arcs":[[9,10,11,-8,12,-1]]},{"type":"Polygon","properties":{"ac":"143","ASSEMBLY_1":"JEYPORE","DISTRICT":"KORAPUT","PARLIAMENT":"21","P_NAME":"KORAPUT (ST)","STATE_UT":"ORISSA"},"arcs":[[13,-11,14,15]]},{"type":"Polygon","properties":{"ac":"142","ASSEMBLY_1":"KOTPAD (ST)","DISTRICT":"KORAPUT","PARLIAMENT":"12","P_NAME":"NABARANGPUR (ST)","STATE_UT":"ORISSA"},"arcs":[[-5,16,17,-15,-10]]},{"type":"Polygon","properties":{"ac":"141","ASSEMBLY_1":"LAKSHMIPUR (ST)","DISTRICT":"KORAPUT","PARLIAMENT":"21","P_NAME":"KORAPUT (ST)","STATE_UT":"ORISSA"},"arcs":[[18,-9,-12,-14,19,20,21]]},{"type":"Polygon","properties":{"ac":"140","ASSEMBLY_1":"RAYAGADA (ST)","DISTRICT":"RAYAGADA","PARLIAMENT":"21","P_NAME":"KORAPUT (ST)","STATE_UT":"ORISSA"},"arcs":[[-22,22,23,24]]},{"type":"Polygon","properties":{"ac":"139","ASSEMBLY_1":"BISSAM CUTTACK (ST)","DISTRICT":"RAYAGADA","PARLIAMENT":"21","P_NAME":"KORAPUT (ST)","STATE_UT":"ORISSA"},"arcs":[[25,26,27,28,-24]]},{"type":"Polygon","properties":{"ac":"138","ASSEMBLY_1":"GUNUPUR (ST)","DISTRICT":"RAYAGADA","PARLIAMENT":"21","P_NAME":"KORAPUT (ST)","STATE_UT":"ORISSA"},"arcs":[[29,30,31,32,-28,33]]},{"type":"Polygon","properties":{"ac":"137","ASSEMBLY_1":"PARALAKHEMUNDI","DISTRICT":"GAJAPATI","PARLIAMENT":"20","P_NAME":"BERHAMPUR","STATE_UT":"ORISSA"},"arcs":[[-32,34,35]]},{"type":"Polygon","properties":{"ac":"136","ASSEMBLY_1":"MOHANA (ST)","DISTRICT":"GAJAPATI","PARLIAMENT":"20","P_NAME":"BERHAMPUR","STATE_UT":"ORISSA"},"arcs":[[36,37,38,39,40,-35,-31,41]]},{"type":"Polygon","properties":{"ac":"135","ASSEMBLY_1":"CHIKITI","DISTRICT":"GANJAM","PARLIAMENT":"20","P_NAME":"BERHAMPUR","STATE_UT":"ORISSA"},"arcs":[[42,-40,43,44]]},{"type":"Polygon","properties":{"ac":"134","ASSEMBLY_1":"DIGAPAHANDI","DISTRICT":"GANJAM","PARLIAMENT":"20","P_NAME":"BERHAMPUR","STATE_UT":"ORISSA"},"arcs":[[45,46,-44,-39,47,48,49]]},{"type":"Polygon","properties":{"ac":"133","ASSEMBLY_1":"BERHAMPUR","DISTRICT":"GANJAM","PARLIAMENT":"20","P_NAME":"BERHAMPUR","STATE_UT":"ORISSA"},"arcs":[[50,-46]]},{"type":"Polygon","properties":{"ac":"132","ASSEMBLY_1":"GOPALPUR","DISTRICT":"GANJAM","PARLIAMENT":"20","P_NAME":"BERHAMPUR","STATE_UT":"ORISSA"},"arcs":[[51,52,-45,-47,-51,-50,53]]},{"type":"Polygon","properties":{"ac":"131","ASSEMBLY_1":"HINJILI","DISTRICT":"GANJAM","PARLIAMENT":"19","P_NAME":"ASKA","STATE_UT":"ORISSA"},"arcs":[[54,55,-54,-49,56,57,58]]},{"type":"Polygon","properties":{"ac":"130","ASSEMBLY_1":"SANAKHEMUNDI","DISTRICT":"GANJAM","PARLIAMENT":"19","P_NAME":"ASKA","STATE_UT":"ORISSA"},"arcs":[[-48,-38,59,60,-57]]},{"type":"Polygon","properties":{"ac":"129","ASSEMBLY_1":"SURADA","DISTRICT":"GANJAM","PARLIAMENT":"19","P_NAME":"ASKA","STATE_UT":"ORISSA"},"arcs":[[-37,61,62,63,64,-60]]},{"type":"Polygon","properties":{"ac":"128","ASSEMBLY_1":"ASKA","DISTRICT":"GANJAM","PARLIAMENT":"19","P_NAME":"ASKA","STATE_UT":"ORISSA"},"arcs":[[65,-58,-61,-65,66]]},{"type":"Polygon","properties":{"ac":"127","ASSEMBLY_1":"CHHATRAPUR (SC)","DISTRICT":"GANJAM","PARLIAMENT":"20","P_NAME":"BERHAMPUR","STATE_UT":"ORISSA"},"arcs":[[-52,-56,67,68,69]]},{"type":"Polygon","properties":{"ac":"126","ASSEMBLY_1":"KHALIKOTE (SC)","DISTRICT":"GANJAM","PARLIAMENT":"19","P_NAME":"ASKA","STATE_UT":"ORISSA"},"arcs":[[-68,-55,70,71,72]]},{"type":"Polygon","properties":{"ac":"125","ASSEMBLY_1":"KABISURYANGAR","DISTRICT":"GANJAM","PARLIAMENT":"19","P_NAME":"ASKA","STATE_UT":"ORISSA"},"arcs":[[-59,-66,73,74,-71]]},{"type":"Polygon","properties":{"ac":"124","ASSEMBLY_1":"POLASARA","DISTRICT":"GANJAM","PARLIAMENT":"19","P_NAME":"ASKA","STATE_UT":"ORISSA"},"arcs":[[-74,-67,-64,75,76,77]]},{"type":"Polygon","properties":{"ac":"123","ASSEMBLY_1":"BHANJANAGAR","DISTRICT":"GANJAM","PARLIAMENT":"13","P_NAME":"KANDHAMAL","STATE_UT":"ORISSA"},"arcs":[[78,79,-76,-63,80,81]]},{"type":"Polygon","properties":{"ac":"122","ASSEMBLY_1":"NAYAGARH","DISTRICT":"NAYAGARH","PARLIAMENT":"17","P_NAME":"PURI","STATE_UT":"ORISSA"},"arcs":[[82,83,-77,-80,84,85,86]]},{"type":"Polygon","properties":{"ac":"121","ASSEMBLY_1":"DASPALLA (SC)","DISTRICT":"NAYAGARH","PARLIAMENT":"13","P_NAME":"KANDHAMAL","STATE_UT":"ORISSA"},"arcs":[[87,88,89,90,91,-85,-79]]},{"type":"Polygon","properties":{"ac":"120","ASSEMBLY_1":"KHANDAPADA","DISTRICT":"NAYAGARH","PARLIAMENT":"14","P_NAME":"CUTTACK","STATE_UT":"ORISSA"},"arcs":[[-92,92,93,94,-86]]},{"type":"Polygon","properties":{"ac":"119","ASSEMBLY_1":"RANPUR","DISTRICT":"NAYAGARH","PARLIAMENT":"17","P_NAME":"PURI","STATE_UT":"ORISSA"},"arcs":[[-83,95,96,97]]},{"type":"Polygon","properties":{"ac":"118","ASSEMBLY_1":"CHILIKA","DISTRICT":"KHURDA","PARLIAMENT":"17","P_NAME":"PURI","STATE_UT":"ORISSA"},"arcs":[[98,-72,-75,-78,-84,-98,99]]},{"type":"Polygon","properties":{"ac":"117","ASSEMBLY_1":"KHURDA","DISTRICT":"KHURDA","PARLIAMENT":"18","P_NAME":"BHUBANESWAR","STATE_UT":"ORISSA"},"arcs":[[-100,-97,100,101,102,103]]},{"type":"Polygon","properties":{"ac":"116","ASSEMBLY_1":"BEGUNIA","DISTRICT":"KHURDA","PARLIAMENT":"18","P_NAME":"BHUBANESWAR","STATE_UT":"ORISSA"},"arcs":[[-101,-96,-87,-95,104,105]]},{"type":"Polygon","properties":{"ac":"115","ASSEMBLY_1":"JATANI","DISTRICT":"KHURDA","PARLIAMENT":"18","P_NAME":"BHUBANESWAR","STATE_UT":"ORISSA"},"arcs":[[-106,106,107,108,109,110,111,112,-102]]},{"type":"Polygon","properties":{"ac":"114","ASSEMBLY_1":"EKAMRA-BHUBANESWAR","DISTRICT":"KHURDA","PARLIAMENT":"18","P_NAME":"BHUBANESWAR","STATE_UT":"ORISSA"},"arcs":[[113,-109,114,115,116,-111]]},{"type":"Polygon","properties":{"ac":"113","ASSEMBLY_1":"BHUBANESWAR NORTH (UTTAR)","DISTRICT":"KHURDA","PARLIAMENT":"18","P_NAME":"BHUBANESWAR","STATE_UT":"ORISSA"},"arcs":[[117,118,119,-115,-108]]},{"type":"Polygon","properties":{"ac":"112","ASSEMBLY_1":"BHUBANESWAR CENTRAL (MADHYA)","DISTRICT":"KHURDA","PARLIAMENT":"18","P_NAME":"BHUBANESWAR","STATE_UT":"ORISSA"},"arcs":[[-114,-110]]},{"type":"Polygon","properties":{"ac":"111","ASSEMBLY_1":"JAYADEV (SC)","DISTRICT":"KHURDA","PARLIAMENT":"18","P_NAME":"BHUBANESWAR","STATE_UT":"ORISSA"},"arcs":[[-120,120,121,122,123,-116]]},{"type":"Polygon","properties":{"ac":"110","ASSEMBLY_1":"PIPILI","DISTRICT":"PURI","PARLIAMENT":"17","P_NAME":"PURI","STATE_UT":"ORISSA"},"arcs":[[-112,-117,-124,124,125]]},{"type":"Polygon","properties":{"ac":"109","ASSEMBLY_1":"SATYABADI","DISTRICT":"PURI","PARLIAMENT":"17","P_NAME":"PURI","STATE_UT":"ORISSA"},"arcs":[[126,127,128,-103,-113,-126]]},{"type":"Polygon","properties":{"ac":"108","ASSEMBLY_1":"BRAMHAGIRI","DISTRICT":"PURI","PARLIAMENT":"17","P_NAME":"PURI","STATE_UT":"ORISSA"},"arcs":[[129,-69,-73,-99,-104,-129,130]]},{"type":"Polygon","properties":{"ac":"107","ASSEMBLY_1":"PURI","DISTRICT":"PURI","PARLIAMENT":"17","P_NAME":"PURI","STATE_UT":"ORISSA"},"arcs":[[-128,131,132,133,-131]]},{"type":"Polygon","properties":{"ac":"106","ASSEMBLY_1":"NIMAPARA","DISTRICT":"PURI","PARLIAMENT":"16","P_NAME":"JAGATSINGHPUR (SC)","STATE_UT":"ORISSA"},"arcs":[[-125,-123,134,135,-132,-127]]},{"type":"Polygon","properties":{"ac":"105","ASSEMBLY_1":"KAKATPUR (SC)","DISTRICT":"PURI","PARLIAMENT":"16","P_NAME":"JAGATSINGHPUR (SC)","STATE_UT":"ORISSA"},"arcs":[[136,137,138,-133,-136,139]]},{"type":"Polygon","properties":{"ac":"104","ASSEMBLY_1":"JAGATSINGHPUR","DISTRICT":"JAGATSINGHPUR","PARLIAMENT":"16","P_NAME":"JAGATSINGHPUR (SC)","STATE_UT":"ORISSA"},"arcs":[[140,141,142,-137]]},{"type":"Polygon","properties":{"ac":"103","ASSEMBLY_1":"BALIKUDA-ERSAMA","DISTRICT":"JAGATSINGHPUR","PARLIAMENT":"16","P_NAME":"JAGATSINGHPUR (SC)","STATE_UT":"ORISSA"},"arcs":[[143,-138,-143,144,145]]},{"type":"Polygon","properties":{"ac":"102","ASSEMBLY_1":"TIRTOL (SC)","DISTRICT":"JAGATSINGHPUR","PARLIAMENT":"16","P_NAME":"JAGATSINGHPUR (SC)","STATE_UT":"ORISSA"},"arcs":[[-145,-142,146,147,148,149]]},{"type":"Polygon","properties":{"ac":"101","ASSEMBLY_1":"PARADEEP","DISTRICT":"JAGATSINGHPUR","PARLIAMENT":"16","P_NAME":"JAGATSINGHPUR (SC)","STATE_UT":"ORISSA"},"arcs":[[-150,150,151,152,-146]]},{"type":"Polygon","properties":{"ac":"100","ASSEMBLY_1":"MAHAKALAPADA","DISTRICT":"KENDRAPARA","PARLIAMENT":"15","P_NAME":"KENDRAPARA","STATE_UT":"ORISSA"},"arcs":[[-152,153,154,155,156]]},{"type":"Polygon","properties":{"ac":"99","ASSEMBLY_1":"RAJANAGAR","DISTRICT":"KENDRAPARA","PARLIAMENT":"15","P_NAME":"KENDRAPARA","STATE_UT":"ORISSA"},"arcs":[[157,158,-156,159]]},{"type":"Polygon","properties":{"ac":"98","ASSEMBLY_1":"AUL","DISTRICT":"KENDRAPARA","PARLIAMENT":"15","P_NAME":"KENDRAPARA","STATE_UT":"ORISSA"},"arcs":[[160,161,-158,162,163,164]]},{"type":"Polygon","properties":{"ac":"97","ASSEMBLY_1":"KENDRAPARA (SC)","DISTRICT":"KENDRAPARA","PARLIAMENT":"15","P_NAME":"KENDRAPARA","STATE_UT":"ORISSA"},"arcs":[[165,166,-163,-160,-155]]},{"type":"Polygon","properties":{"ac":"96","ASSEMBLY_1":"PATKURA","DISTRICT":"KENDRAPARA","PARLIAMENT":"15","P_NAME":"KENDRAPARA","STATE_UT":"ORISSA"},"arcs":[[-154,-151,-149,167,168,169,170,-166]]},{"type":"Polygon","properties":{"ac":"95","ASSEMBLY_1":"MAHANGA","DISTRICT":"CUTTACK","PARLIAMENT":"15","P_NAME":"KENDRAPARA","STATE_UT":"ORISSA"},"arcs":[[-169,171,172,173]]},{"type":"Polygon","properties":{"ac":"94","ASSEMBLY_1":"SALIPUR","DISTRICT":"CUTTACK","PARLIAMENT":"15","P_NAME":"KENDRAPARA","STATE_UT":"ORISSA"},"arcs":[[174,175,-173,176,177,178,179]]},{"type":"Polygon","properties":{"ac":"93","ASSEMBLY_1":"CUTTACK SADAR (SC)","DISTRICT":"CUTTACK","PARLIAMENT":"14","P_NAME":"CUTTACK","STATE_UT":"ORISSA"},"arcs":[[180,-177,-172,-168,-148,181,-121,-119,182]]},{"type":"Polygon","properties":{"ac":"92","ASSEMBLY_1":"NIALI (SC)","DISTRICT":"CUTTACK","PARLIAMENT":"16","P_NAME":"JAGATSINGHPUR (SC)","STATE_UT":"ORISSA"},"arcs":[[-140,-135,-122,-182,-147,-141]]},{"type":"Polygon","properties":{"ac":"91","ASSEMBLY_1":"CHOUDWAR-CUTTACK","DISTRICT":"CUTTACK","PARLIAMENT":"14","P_NAME":"CUTTACK","STATE_UT":"ORISSA"},"arcs":[[183,184,-179]]},{"type":"Polygon","properties":{"ac":"90","ASSEMBLY_1":"BARABATI-CUTTACK","DISTRICT":"CUTTACK","PARLIAMENT":"14","P_NAME":"CUTTACK","STATE_UT":"ORISSA"},"arcs":[[-178,-181,185,186,-184]]},{"type":"Polygon","properties":{"ac":"89","ASSEMBLY_1":"ATHAGARH","DISTRICT":"CUTTACK","PARLIAMENT":"14","P_NAME":"CUTTACK","STATE_UT":"ORISSA"},"arcs":[[187,188,-180,-185,-187,189,190]]},{"type":"Polygon","properties":{"ac":"88","ASSEMBLY_1":"BANKI","DISTRICT":"CUTTACK","PARLIAMENT":"14","P_NAME":"CUTTACK","STATE_UT":"ORISSA"},"arcs":[[-94,191,-190,-186,-183,-118,-107,-105]]},{"type":"Polygon","properties":{"ac":"87","ASSEMBLY_1":"BARAMBA","DISTRICT":"CUTTACK","PARLIAMENT":"14","P_NAME":"CUTTACK","STATE_UT":"ORISSA"},"arcs":[[192,-191,-192,-93,-91,193,194]]},{"type":"Polygon","properties":{"ac":"86","ASSEMBLY_1":"BOUDH","DISTRICT":"BOUDH","PARLIAMENT":"13","P_NAME":"KANDHAMAL","STATE_UT":"ORISSA"},"arcs":[[195,196,197,198,-89]]},{"type":"Polygon","properties":{"ac":"85","ASSEMBLY_1":"KANTAMAL","DISTRICT":"BOUDH","PARLIAMENT":"13","P_NAME":"KANDHAMAL","STATE_UT":"ORISSA"},"arcs":[[199,200,201,202,203,-197,204]]},{"type":"Polygon","properties":{"ac":"84","ASSEMBLY_1":"PHULBANI (ST)","DISTRICT":"KANDHAMAL","PARLIAMENT":"13","P_NAME":"KANDHAMAL","STATE_UT":"ORISSA"},"arcs":[[-82,205,206,-205,-196,-88]]},{"type":"Polygon","properties":{"ac":"83","ASSEMBLY_1":"G UDAYAGIRI (ST)","DISTRICT":"KANDHAMAL","PARLIAMENT":"13","P_NAME":"KANDHAMAL","STATE_UT":"ORISSA"},"arcs":[[-30,207,-206,-81,-62,-42]]},{"type":"Polygon","properties":{"ac":"82","ASSEMBLY_1":"BALIGUDA (ST)","DISTRICT":"KANDHAMAL","PARLIAMENT":"13","P_NAME":"KANDHAMAL","STATE_UT":"ORISSA"},"arcs":[[-200,-207,-208,-34,-27,208,209,210]]},{"type":"Polygon","properties":{"ac":"81","ASSEMBLY_1":"NARLA","DISTRICT":"KALAHANDI","PARLIAMENT":"11","P_NAME":"KALAHANDI","STATE_UT":"ORISSA"},"arcs":[[211,212,-210,213]]},{"type":"Polygon","properties":{"ac":"80","ASSEMBLY_1":"BHAWANIPATNA (SC)","DISTRICT":"KALAHANDI","PARLIAMENT":"11","P_NAME":"KALAHANDI","STATE_UT":"ORISSA"},"arcs":[[-212,214,215,216]]},{"type":"Polygon","properties":{"ac":"79","ASSEMBLY_1":"DHARMGARH","DISTRICT":"KALAHANDI","PARLIAMENT":"11","P_NAME":"KALAHANDI","STATE_UT":"ORISSA"},"arcs":[[217,218,219,220,221]]},{"type":"Polygon","properties":{"ac":"78","ASSEMBLY_1":"JUNAGARH","DISTRICT":"KALAHANDI","PARLIAMENT":"11","P_NAME":"KALAHANDI","STATE_UT":"ORISSA"},"arcs":[[-216,222,-218,223,224,225,226]]},{"type":"Polygon","properties":{"ac":"77","ASSEMBLY_1":"LANJIGARH (ST)","DISTRICT":"KALAHANDI","PARLIAMENT":"11","P_NAME":"KALAHANDI","STATE_UT":"ORISSA"},"arcs":[[-26,-23,-21,227,228,-219,-223,-215,-214,-209]]},{"type":"Polygon","properties":{"ac":"76","ASSEMBLY_1":"DABUGAM (ST)","DISTRICT":"NABARANGPUR","PARLIAMENT":"12","P_NAME":"NABARANGPUR (ST)","STATE_UT":"ORISSA"},"arcs":[[229,230,-220,-229,231]]},{"type":"Polygon","properties":{"ac":"75","ASSEMBLY_1":"NABARANGPUR (ST)","DISTRICT":"NABARANGPUR","PARLIAMENT":"12","P_NAME":"NABARANGPUR (ST)","STATE_UT":"ORISSA"},"arcs":[[-20,-16,-18,232,-232,-228]]},{"type":"Polygon","properties":{"ac":"74","ASSEMBLY_1":"JHARIGAM (ST)","DISTRICT":"NABARANGPUR","PARLIAMENT":"12","P_NAME":"NABARANGPUR (ST)","STATE_UT":"ORISSA"},"arcs":[[233,-221,-231,234,235]]},{"type":"Polygon","properties":{"ac":"73","ASSEMBLY_1":"UMARKOTE (ST)","DISTRICT":"NABARANGPUR","PARLIAMENT":"12","P_NAME":"NABARANGPUR (ST)","STATE_UT":"ORISSA"},"arcs":[[-236,236]]},{"type":"Polygon","properties":{"ac":"72","ASSEMBLY_1":"KHARIAR","DISTRICT":"NUAPADA","PARLIAMENT":"11","P_NAME":"KALAHANDI","STATE_UT":"ORISSA"},"arcs":[[237,238,239,-225]]},{"type":"Polygon","properties":{"ac":"71","ASSEMBLY_1":"NUAPADA","DISTRICT":"NUAPADA","PARLIAMENT":"11","P_NAME":"KALAHANDI","STATE_UT":"ORISSA"},"arcs":[[240,-239,241,242,243]]},{"type":"Polygon","properties":{"ac":"70","ASSEMBLY_1":"KANTABANJI","DISTRICT":"BOLANGIR","PARLIAMENT":"10","P_NAME":"BOLANGIR","STATE_UT":"ORISSA"},"arcs":[[244,245,-226,-240,-241]]},{"type":"Polygon","properties":{"ac":"69","ASSEMBLY_1":"TITILAGARH","DISTRICT":"BOLANGIR","PARLIAMENT":"10","P_NAME":"BOLANGIR","STATE_UT":"ORISSA"},"arcs":[[-227,-246,246,247,-201,-211,-213,-217]]},{"type":"Polygon","properties":{"ac":"68","ASSEMBLY_1":"BOLANGIR","DISTRICT":"BOLANGIR","PARLIAMENT":"10","P_NAME":"BOLANGIR","STATE_UT":"ORISSA"},"arcs":[[248,-202,-248,249,250]]},{"type":"Polygon","properties":{"ac":"67","ASSEMBLY_1":"PATNAGARH","DISTRICT":"BOLANGIR","PARLIAMENT":"10","P_NAME":"BOLANGIR","STATE_UT":"ORISSA"},"arcs":[[-244,251,252,253,-250,-247,-245]]},{"type":"Polygon","properties":{"ac":"66","ASSEMBLY_1":"LOISINGHA (SC)","DISTRICT":"BOLANGIR","PARLIAMENT":"10","P_NAME":"BOLANGIR","STATE_UT":"ORISSA"},"arcs":[[254,-251,-254,255]]},{"type":"Polygon","properties":{"ac":"65","ASSEMBLY_1":"SONEPUR","DISTRICT":"SUBARNAPUR","PARLIAMENT":"10","P_NAME":"BOLANGIR","STATE_UT":"ORISSA"},"arcs":[[256,257,258,-203,-249,-255]]},{"type":"Polygon","properties":{"ac":"64","ASSEMBLY_1":"BIRMAHARAJPUR (SC)","DISTRICT":"SUBARNAPUR","PARLIAMENT":"10","P_NAME":"BOLANGIR","STATE_UT":"ORISSA"},"arcs":[[-198,-204,-259,259,260,261]]},{"type":"Polygon","properties":{"ac":"63","ASSEMBLY_1":"ATHMALLIK","DISTRICT":"ANGUL","PARLIAMENT":"3","P_NAME":"SAMBALPUR","STATE_UT":"ORISSA"},"arcs":[[-199,-262,262,263,264,-194,-90]]},{"type":"Polygon","properties":{"ac":"62","ASSEMBLY_1":"CHHENDIPADA (SC)","DISTRICT":"ANGUL","PARLIAMENT":"3","P_NAME":"SAMBALPUR","STATE_UT":"ORISSA"},"arcs":[[265,266,267,268,-264,269]]},{"type":"Polygon","properties":{"ac":"61","ASSEMBLY_1":"ANGUL","DISTRICT":"ANGUL","PARLIAMENT":"9","P_NAME":"DHENKANAL","STATE_UT":"ORISSA"},"arcs":[[-195,-265,-269,270,271]]},{"type":"Polygon","properties":{"ac":"60","ASSEMBLY_1":"TALCHER","DISTRICT":"ANGUL","PARLIAMENT":"9","P_NAME":"DHENKANAL","STATE_UT":"ORISSA"},"arcs":[[-271,-268,272,273,274]]},{"type":"Polygon","properties":{"ac":"59","ASSEMBLY_1":"PALLAHARA","DISTRICT":"ANGUL","PARLIAMENT":"9","P_NAME":"DHENKANAL","STATE_UT":"ORISSA"},"arcs":[[275,-273,-267,276,277,278]]},{"type":"Polygon","properties":{"ac":"58","ASSEMBLY_1":"PARJANGA","DISTRICT":"DHENKANAL","PARLIAMENT":"9","P_NAME":"DHENKANAL","STATE_UT":"ORISSA"},"arcs":[[-276,279,280,281,282,-274]]},{"type":"Polygon","properties":{"ac":"57","ASSEMBLY_1":"KAMAKHYANAGAR","DISTRICT":"DHENKANAL","PARLIAMENT":"9","P_NAME":"DHENKANAL","STATE_UT":"ORISSA"},"arcs":[[283,284,285,-282]]},{"type":"Polygon","properties":{"ac":"56","ASSEMBLY_1":"HINDOL (SC)","DISTRICT":"DHENKANAL","PARLIAMENT":"9","P_NAME":"DHENKANAL","STATE_UT":"ORISSA"},"arcs":[[-272,-275,-283,-286,286,-188,-193]]},{"type":"Polygon","properties":{"ac":"55","ASSEMBLY_1":"DHENKANAL","DISTRICT":"DHENKANAL","PARLIAMENT":"9","P_NAME":"DHENKANAL","STATE_UT":"ORISSA"},"arcs":[[287,288,289,-175,-189,-287,-285]]},{"type":"Polygon","properties":{"ac":"54","ASSEMBLY_1":"SUKINDA","DISTRICT":"JAJPUR","PARLIAMENT":"8","P_NAME":"JAJPUR (SC)","STATE_UT":"ORISSA"},"arcs":[[-284,-281,290,291,292,293,-288]]},{"type":"Polygon","properties":{"ac":"53","ASSEMBLY_1":"KOREI","DISTRICT":"JAJPUR","PARLIAMENT":"8","P_NAME":"JAJPUR (SC)","STATE_UT":"ORISSA"},"arcs":[[294,295,296,297,-293,298,299]]},{"type":"Polygon","properties":{"ac":"52","ASSEMBLY_1":"JAJPUR","DISTRICT":"JAJPUR","PARLIAMENT":"8","P_NAME":"JAJPUR (SC)","STATE_UT":"ORISSA"},"arcs":[[300,-296,301,302,303]]},{"type":"Polygon","properties":{"ac":"51","ASSEMBLY_1":"DHARMASALA","DISTRICT":"JAJPUR","PARLIAMENT":"8","P_NAME":"JAJPUR (SC)","STATE_UT":"ORISSA"},"arcs":[[-298,304,305,-289,-294]]},{"type":"Polygon","properties":{"ac":"50","ASSEMBLY_1":"BARCHANA","DISTRICT":"JAJPUR","PARLIAMENT":"8","P_NAME":"JAJPUR (SC)","STATE_UT":"ORISSA"},"arcs":[[306,-170,-174,-176,-290,-306]]},{"type":"Polygon","properties":{"ac":"49","ASSEMBLY_1":"BARI","DISTRICT":"JAJPUR","PARLIAMENT":"8","P_NAME":"JAJPUR (SC)","STATE_UT":"ORISSA"},"arcs":[[307,-164,-167,-171,-307,-305,-297,-301]]},{"type":"Polygon","properties":{"ac":"48","ASSEMBLY_1":"BINJHARPUR (SC)","DISTRICT":"JAJPUR","PARLIAMENT":"8","P_NAME":"JAJPUR (SC)","STATE_UT":"ORISSA"},"arcs":[[-308,-304,308,309,-165]]},{"type":"Polygon","properties":{"ac":"47","ASSEMBLY_1":"CHANDABALI","DISTRICT":"BHADRAK","PARLIAMENT":"7","P_NAME":"BHADRAK (SC)","STATE_UT":"ORISSA"},"arcs":[[-161,-310,310,311,312]]},{"type":"Polygon","properties":{"ac":"46","ASSEMBLY_1":"DHAMNAGAR (SC)","DISTRICT":"BHADRAK","PARLIAMENT":"7","P_NAME":"BHADRAK (SC)","STATE_UT":"ORISSA"},"arcs":[[-311,-309,-303,313,314,315]]},{"type":"Polygon","properties":{"ac":"45","ASSEMBLY_1":"BASUDEVPUR","DISTRICT":"BHADRAK","PARLIAMENT":"7","P_NAME":"BHADRAK (SC)","STATE_UT":"ORISSA"},"arcs":[[-316,316,317,318,319,-312]]},{"type":"Polygon","properties":{"ac":"44","ASSEMBLY_1":"BHADRAK","DISTRICT":"BHADRAK","PARLIAMENT":"7","P_NAME":"BHADRAK (SC)","STATE_UT":"ORISSA"},"arcs":[[-315,320,321,-317]]},{"type":"Polygon","properties":{"ac":"43","ASSEMBLY_1":"BHANDARIPOKHARI","DISTRICT":"BHADRAK","PARLIAMENT":"7","P_NAME":"BHADRAK (SC)","STATE_UT":"ORISSA"},"arcs":[[322,323,-321,-314,-302,-295]]},{"type":"Polygon","properties":{"ac":"42","ASSEMBLY_1":"SIMULIA","DISTRICT":"BALASORE","PARLIAMENT":"7","P_NAME":"BHADRAK (SC)","STATE_UT":"ORISSA"},"arcs":[[324,325,326,-318,-322,-324,327]]},{"type":"Polygon","properties":{"ac":"41","ASSEMBLY_1":"SORO (SC)","DISTRICT":"BALASORE","PARLIAMENT":"7","P_NAME":"BHADRAK (SC)","STATE_UT":"ORISSA"},"arcs":[[-319,-327,328,329,330]]},{"type":"Polygon","properties":{"ac":"40","ASSEMBLY_1":"NILGIRI","DISTRICT":"BALASORE","PARLIAMENT":"6","P_NAME":"BALASORE","STATE_UT":"ORISSA"},"arcs":[[-329,-326,331,332,333]]},{"type":"Polygon","properties":{"ac":"39","ASSEMBLY_1":"REMUNA (SC)","DISTRICT":"BALASORE","PARLIAMENT":"6","P_NAME":"BALASORE","STATE_UT":"ORISSA"},"arcs":[[334,335,336,337,-330,-334]]},{"type":"Polygon","properties":{"ac":"38","ASSEMBLY_1":"BALASORE","DISTRICT":"BALASORE","PARLIAMENT":"6","P_NAME":"BALASORE","STATE_UT":"ORISSA"},"arcs":[[338,-337,339,340]]},{"type":"Polygon","properties":{"ac":"37","ASSEMBLY_1":"BASTA","DISTRICT":"BALASORE","PARLIAMENT":"6","P_NAME":"BALASORE","STATE_UT":"ORISSA"},"arcs":[[341,342,-341,343,344,345]]},{"type":"Polygon","properties":{"ac":"36","ASSEMBLY_1":"BHOGRAI","DISTRICT":"BALASORE","PARLIAMENT":"6","P_NAME":"BALASORE","STATE_UT":"ORISSA"},"arcs":[[346,-342,347]]},{"type":"Polygon","properties":{"ac":"35","ASSEMBLY_1":"JALESWAR","DISTRICT":"BALASORE","PARLIAMENT":"6","P_NAME":"BALASORE","STATE_UT":"ORISSA"},"arcs":[[348,-348,-346,349]]},{"type":"Polygon","properties":{"ac":"34","ASSEMBLY_1":"MORADA","DISTRICT":"MAYURBHANJ","PARLIAMENT":"5","P_NAME":"MAYURBHANJ (ST)","STATE_UT":"ORISSA"},"arcs":[[-350,-345,350,351,352,353]]},{"type":"Polygon","properties":{"ac":"33","ASSEMBLY_1":"BARIPADA (ST)","DISTRICT":"MAYURBHANJ","PARLIAMENT":"5","P_NAME":"MAYURBHANJ (ST)","STATE_UT":"ORISSA"},"arcs":[[-352,354,355,356]]},{"type":"Polygon","properties":{"ac":"32","ASSEMBLY_1":"BADASAHI (SC)","DISTRICT":"MAYURBHANJ","PARLIAMENT":"6","P_NAME":"BALASORE","STATE_UT":"ORISSA"},"arcs":[[-351,-344,-340,-336,357,-355]]},{"type":"Polygon","properties":{"ac":"31","ASSEMBLY_1":"UDALA (ST)","DISTRICT":"MAYURBHANJ","PARLIAMENT":"5","P_NAME":"MAYURBHANJ (ST)","STATE_UT":"ORISSA"},"arcs":[[-335,-333,358,359,-356,-358]]},{"type":"Polygon","properties":{"ac":"30","ASSEMBLY_1":"KARANJIA (ST)","DISTRICT":"MAYURBHANJ","PARLIAMENT":"4","P_NAME":"KEONJHAR (ST)","STATE_UT":"ORISSA"},"arcs":[[-325,360,361,362,363,-359,-332]]},{"type":"Polygon","properties":{"ac":"29","ASSEMBLY_1":"BANGRIPOSI (ST)","DISTRICT":"MAYURBHANJ","PARLIAMENT":"5","P_NAME":"MAYURBHANJ (ST)","STATE_UT":"ORISSA"},"arcs":[[-357,-360,-364,364,365,366,-353]]},{"type":"Polygon","properties":{"ac":"28","ASSEMBLY_1":"RAIRANGPUR (ST)","DISTRICT":"MAYURBHANJ","PARLIAMENT":"5","P_NAME":"MAYURBHANJ (ST)","STATE_UT":"ORISSA"},"arcs":[[367,368,369]]},{"type":"Polygon","properties":{"ac":"27","ASSEMBLY_1":"SARASKANA (ST)","DISTRICT":"MAYURBHANJ","PARLIAMENT":"5","P_NAME":"MAYURBHANJ (ST)","STATE_UT":"ORISSA"},"arcs":[[-366,370,-369,371]]},{"type":"Polygon","properties":{"ac":"26","ASSEMBLY_1":"JASHIPUR (ST)","DISTRICT":"MAYURBHANJ","PARLIAMENT":"5","P_NAME":"MAYURBHANJ (ST)","STATE_UT":"ORISSA"},"arcs":[[-370,-371,-365,-363,372,373,374]]},{"type":"Polygon","properties":{"ac":"25","ASSEMBLY_1":"CHAMPUA","DISTRICT":"KEONJHAR","PARLIAMENT":"4","P_NAME":"KEONJHAR (ST)","STATE_UT":"ORISSA"},"arcs":[[375,-374,376,377,378,379]]},{"type":"Polygon","properties":{"ac":"24","ASSEMBLY_1":"KEONJHAR (ST)","DISTRICT":"KEONJHAR","PARLIAMENT":"4","P_NAME":"KEONJHAR (ST)","STATE_UT":"ORISSA"},"arcs":[[380,381,-378,382]]},{"type":"Polygon","properties":{"ac":"23","ASSEMBLY_1":"PATNA (ST)","DISTRICT":"KEONJHAR","PARLIAMENT":"4","P_NAME":"KEONJHAR (ST)","STATE_UT":"ORISSA"},"arcs":[[383,384,-383,-377,-373,-362]]},{"type":"Polygon","properties":{"ac":"22","ASSEMBLY_1":"ANANDAPUR (SC)","DISTRICT":"KEONJHAR","PARLIAMENT":"4","P_NAME":"KEONJHAR (ST)","STATE_UT":"ORISSA"},"arcs":[[-323,-300,385,-384,-361,-328]]},{"type":"Polygon","properties":{"ac":"21","ASSEMBLY_1":"GHASIPURA","DISTRICT":"KEONJHAR","PARLIAMENT":"4","P_NAME":"KEONJHAR (ST)","STATE_UT":"ORISSA"},"arcs":[[-386,-299,-292,386,-381,-385]]},{"type":"Polygon","properties":{"ac":"20","ASSEMBLY_1":"TELKOI (ST)","DISTRICT":"KEONJHAR","PARLIAMENT":"4","P_NAME":"KEONJHAR (ST)","STATE_UT":"ORISSA"},"arcs":[[387,-379,-382,-387,-291,-280,-279]]},{"type":"Polygon","properties":{"ac":"19","ASSEMBLY_1":"DEOGARH","DISTRICT":"DEOGARH","PARLIAMENT":"3","P_NAME":"SAMBALPUR","STATE_UT":"ORISSA"},"arcs":[[388,389,390,-277,-266]]},{"type":"Polygon","properties":{"ac":"18","ASSEMBLY_1":"RAIRAKHOL","DISTRICT":"SAMBALPUR","PARLIAMENT":"3","P_NAME":"SAMBALPUR","STATE_UT":"ORISSA"},"arcs":[[-270,-263,-261,391,392,393,-389]]},{"type":"Polygon","properties":{"ac":"17","ASSEMBLY_1":"SAMBALPUR","DISTRICT":"SAMBALPUR","PARLIAMENT":"3","P_NAME":"SAMBALPUR","STATE_UT":"ORISSA"},"arcs":[[394,395]]},{"type":"Polygon","properties":{"ac":"16","ASSEMBLY_1":"RENGALI (SC)","DISTRICT":"SAMBALPUR","PARLIAMENT":"3","P_NAME":"SAMBALPUR","STATE_UT":"ORISSA"},"arcs":[[396,397,398,-393,399,-395,400]]},{"type":"Polygon","properties":{"ac":"15","ASSEMBLY_1":"KUCHINDA (ST)","DISTRICT":"SAMBALPUR","PARLIAMENT":"3","P_NAME":"SAMBALPUR","STATE_UT":"ORISSA"},"arcs":[[401,402,403,404,-390,-394,-399,405]]},{"type":"Polygon","properties":{"ac":"14","ASSEMBLY_1":"BONAI (ST)","DISTRICT":"SUNDARGARH","PARLIAMENT":"2","P_NAME":"SUNDARGARH (ST)","STATE_UT":"ORISSA"},"arcs":[[-380,-388,-278,-391,-405,406,407,408]]},{"type":"Polygon","properties":{"ac":"13","ASSEMBLY_1":"RAJGANGPUR (ST)","DISTRICT":"SUNDARGARH","PARLIAMENT":"2","P_NAME":"SUNDARGARH (ST)","STATE_UT":"ORISSA"},"arcs":[[409,410,-407,-404,411,412,413]]},{"type":"Polygon","properties":{"ac":"12","ASSEMBLY_1":"ROURKELA","DISTRICT":"SUNDARGARH","PARLIAMENT":"2","P_NAME":"SUNDARGARH (ST)","STATE_UT":"ORISSA"},"arcs":[[414,-410,415]]},{"type":"Polygon","properties":{"ac":"11","ASSEMBLY_1":"RAGHUNATHPALI (SC)","DISTRICT":"SUNDARGARH","PARLIAMENT":"2","P_NAME":"SUNDARGARH (ST)","STATE_UT":"ORISSA"},"arcs":[[-408,-411,-415,416,417]]},{"type":"Polygon","properties":{"ac":"10","ASSEMBLY_1":"BIRAMITRAPUR (ST)","DISTRICT":"SUNDARGARH","PARLIAMENT":"2","P_NAME":"SUNDARGARH (ST)","STATE_UT":"ORISSA"},"arcs":[[-416,-414,418,-417]]},{"type":"Polygon","properties":{"ac":"9","ASSEMBLY_1":"SUNDARGARH (ST)","DISTRICT":"SUNDARGARH","PARLIAMENT":"2","P_NAME":"SUNDARGARH (ST)","STATE_UT":"ORISSA"},"arcs":[[-402,419,420,421,422]]},{"type":"Polygon","properties":{"ac":"8","ASSEMBLY_1":"TALSARA (ST)","DISTRICT":"SUNDARGARH","PARLIAMENT":"2","P_NAME":"SUNDARGARH (ST)","STATE_UT":"ORISSA"},"arcs":[[423,-412,-403,-423]]},{"type":"Polygon","properties":{"ac":"7","ASSEMBLY_1":"JHARSUGUDA","DISTRICT":"JHARSUGUDA","PARLIAMENT":"1","P_NAME":"BARGARH","STATE_UT":"ORISSA"},"arcs":[[424,-420,-406,-398]]},{"type":"Polygon","properties":{"ac":"6","ASSEMBLY_1":"BRAJARAJNAGAR","DISTRICT":"JHARSUGUDA","PARLIAMENT":"1","P_NAME":"BARGARH","STATE_UT":"ORISSA"},"arcs":[[-421,-425,-397,425,426,427]]},{"type":"Polygon","properties":{"ac":"5","ASSEMBLY_1":"BHATLI","DISTRICT":"BARGARH","PARLIAMENT":"1","P_NAME":"BARGARH","STATE_UT":"ORISSA"},"arcs":[[-427,428,429,430,431,432]]},{"type":"Polygon","properties":{"ac":"4","ASSEMBLY_1":"ATTABIRA (SC)","DISTRICT":"BARGARH","PARLIAMENT":"1","P_NAME":"BARGARH","STATE_UT":"ORISSA"},"arcs":[[-429,-426,-401,-396,-400,-392,-260,-258,433,434]]},{"type":"Polygon","properties":{"ac":"3","ASSEMBLY_1":"BARGARH","DISTRICT":"BARGARH","PARLIAMENT":"1","P_NAME":"BARGARH","STATE_UT":"ORISSA"},"arcs":[[435,-430,-435]]},{"type":"Polygon","properties":{"ac":"2","ASSEMBLY_1":"BIJEPUR","DISTRICT":"BARGARH","PARLIAMENT":"1","P_NAME":"BARGARH","STATE_UT":"ORISSA"},"arcs":[[-253,436,-431,-436,-434,-257,-256]]},{"type":"Polygon","properties":{"ac":"1","ASSEMBLY_1":"PADAMPUR","DISTRICT":"BARGARH","PARLIAMENT":"1","P_NAME":"BARGARH","STATE_UT":"ORISSA"},"arcs":[[437,-432,-437,-252,-243]]}]}},"arcs":[[[1745,1676],[-6,-62],[-46,-11],[-19,-78],[54,-71]],[[1728,1454],[-114,-160],[39,-76],[-70,-138],[70,25],[14,-25],[-44,-75],[-49,-12],[-7,-104],[-45,-44],[7,-43],[63,-27],[14,-75],[-39,35],[-2,-102],[18,-53],[-24,-58],[-54,11],[2,33],[-65,-59],[15,-101],[-137,41],[-34,71],[-150,48],[-46,-42],[-32,25],[-39,-29]],[[1019,520],[-60,57],[-49,-10],[5,77],[47,96],[-50,76],[-64,-14],[-33,-55],[-44,-11],[-14,62],[-43,-42],[-37,35],[121,73],[52,49],[68,-44],[14,118],[109,9],[-29,98],[50,11],[27,62],[61,-49],[-3,40],[77,60],[-16,69],[-107,38],[-27,69],[-34,-7],[-36,111],[53,5],[-23,57],[-48,-22],[-54,58]],[[932,1596],[12,56],[-109,71],[8,69],[90,-52],[16,116],[126,76],[75,-14],[10,43]],[[1160,1961],[62,-34],[27,-64],[-19,-34],[42,-13],[24,-76],[27,-4],[55,80],[12,-91],[53,-76],[83,-20],[72,94],[61,-18],[25,-38],[61,9]],[[1019,520],[0,-43],[-109,-86],[-222,-103],[-31,-57],[-130,-103],[-25,49],[-52,-26],[-24,-71],[-52,-51],[-69,26],[-25,-24],[-120,-31],[-17,42],[-101,-40],[-39,4],[22,83],[-7,82],[71,-20],[14,106],[51,87],[-3,129],[56,134],[24,137],[-30,54],[39,158],[66,31],[42,60],[110,31],[-2,49],[142,15],[29,140],[144,163],[85,144],[76,7]],[[2893,1845],[-81,-11],[4,-71],[-25,-43],[-36,25],[8,-58],[-48,-47],[42,-60],[62,-2],[-61,-118],[-60,-69],[36,-20],[48,-86],[-44,-49],[-38,29],[-68,-63],[-121,0],[-20,74],[-120,93],[-69,-40],[28,-51],[-44,-134],[-116,-75],[-64,-22],[-46,-123],[-84,85],[-7,78],[46,29],[-8,106],[-104,36],[31,100],[-39,-7],[-24,45],[14,71]],[[1885,1467],[123,-67],[45,74],[14,89],[-10,82],[97,-53],[74,28],[59,80],[-23,114],[37,127],[80,75]],[[2381,2016],[45,5],[82,-45],[70,56],[100,53],[36,-24],[-38,-43],[78,-111],[-13,-24],[152,-38]],[[1745,1676],[41,24],[69,-55],[11,58],[-41,8],[-11,61],[-99,37],[26,67],[36,16],[-46,53],[-65,4],[-44,40],[-69,5],[-28,87],[83,-7],[14,82],[107,-37],[-6,-52],[99,-17],[56,19]],[[1878,2069],[25,-51],[77,9],[45,103],[71,66],[10,62],[45,105],[-5,89]],[[2146,2452],[85,-133],[27,17],[5,-66],[40,-36],[29,38],[10,-45],[58,-84],[-19,-127]],[[1885,1467],[-71,51],[-12,45],[-74,-109]],[[2233,2848],[16,-91],[42,-89],[-18,-40],[29,-65],[-17,-80],[-116,2],[-23,-33]],[[1878,2069],[-22,101],[-42,8],[-27,165],[4,89],[-20,109],[45,9],[20,-36],[58,40],[27,-36],[-18,123],[75,26],[-5,83],[88,-7],[4,92]],[[2065,2835],[18,62],[99,18],[51,-67]],[[1160,1961],[-6,49],[78,4],[51,65],[9,88],[-12,83],[24,53],[68,36],[44,-3],[-29,232],[-47,80],[27,67],[-14,50]],[[1353,2765],[33,56],[38,-11],[72,40],[16,36],[103,6],[56,-29],[24,45],[53,-29],[70,20],[54,47],[91,4],[68,-56],[34,-59]],[[3238,2577],[-55,-38],[56,-149],[6,78],[58,-67],[-52,20],[20,-67],[76,-71],[-13,-67],[-65,-4],[-60,-72],[-72,-21],[-22,-67],[-78,15],[-22,-100],[-36,16],[-62,-71],[-24,-67]],[[2233,2848],[14,46],[86,-64],[47,4],[15,91],[25,25]],[[2420,2950],[38,-40]],[[2458,2910],[42,-51],[76,-7],[48,40],[8,-84],[69,-89],[-5,-54],[68,-40],[21,76],[56,62],[38,-24],[8,80],[79,-45],[27,111],[93,-17],[-21,-62],[-62,2],[-52,-82],[31,-34],[-8,-124],[28,-81],[55,-11],[-3,111],[36,25],[27,165],[37,15],[70,-40],[9,-104],[29,-3],[-24,-68]],[[2458,2910],[39,96],[-20,51],[46,106],[28,-13],[37,56],[-8,138],[-47,91],[24,31],[40,-25],[47,22],[12,105],[44,31],[17,80],[67,20],[73,-122],[23,18],[39,-49],[-15,-24],[55,-103],[8,82],[47,-60]],[[3014,3441],[93,-6],[23,-118],[-25,-24],[15,-69],[-41,-60],[5,-85],[39,-2],[48,73],[44,2],[-3,-60],[60,54],[121,-2],[3,-103],[71,-64],[-3,-41],[65,10],[32,-141],[77,-79]],[[3638,2726],[-6,-54],[-35,2],[-44,-95],[-60,9],[31,29],[-18,82],[-72,9],[25,-143],[-40,3],[9,-118],[-73,89],[-83,9],[-34,29]],[[3014,3441],[-10,87],[57,62],[33,111],[3,83],[33,-11],[142,13],[22,143],[47,37],[66,118],[-3,100],[-45,116],[6,53],[-38,111],[58,20],[14,83],[73,-27]],[[3472,4540],[57,-20],[53,-51],[-56,-105],[27,-65],[124,-57],[4,-76],[-19,-42],[31,-31],[29,-93],[5,-83],[85,60]],[[3812,3977],[-40,-49],[-11,-60],[-55,-24],[10,49],[-43,7],[-58,-72],[18,-64],[102,-214],[57,54],[-15,-107],[-70,-22],[-14,-47],[32,-76],[-5,-86],[-27,-40],[-94,-38],[-5,-40],[73,9],[39,-174],[42,-6],[-34,-96]],[[3714,2881],[-58,-62],[19,-58],[-37,-35]],[[4196,3962],[19,-85]],[[4215,3877],[-28,-11],[30,-165],[55,-39],[-26,-65],[29,-29],[-56,-135],[6,-47],[117,-45],[22,-58],[-22,-71],[-7,-122],[-47,-89],[28,-42],[-24,-51],[81,-63],[-29,-8],[-1,-69],[25,-49]],[[4368,2719],[-32,-36],[-43,36],[-29,-54],[39,-48],[-33,-65],[-92,54],[-24,-69],[-60,-12],[-17,43],[-64,60],[-31,-31]],[[3982,2597],[-78,-52],[16,-80],[50,-73],[-58,18],[-33,116],[-35,19],[29,56],[-39,5],[-72,122],[-48,153]],[[3812,3977],[67,-64],[33,42],[10,69],[77,20],[49,-16],[52,-73],[96,7]],[[4368,2719],[31,-58],[61,-56],[16,-127],[85,-30],[-22,-65],[38,9],[1,-62],[54,26],[29,-73],[38,40],[8,-42],[81,0],[44,53],[26,-16],[24,54],[25,-18]],[[4907,2354],[19,-104],[-51,-63],[-49,18],[-63,-36],[-52,23],[-61,-40],[-35,9],[-131,-71],[-27,13],[-61,93],[-127,-2],[-28,-15],[-55,37],[-34,-24],[-85,116],[-5,91],[-31,-1],[-2,80],[-47,119]],[[4709,3759],[48,21],[-32,-56],[40,-18],[70,60],[12,45]],[[4847,3811],[113,-54],[-26,-69],[-11,-116],[60,-64],[-25,-58]],[[4958,3450],[-11,-77],[75,-40],[-24,-78],[18,-132],[-46,-113]],[[4970,3010],[-44,-22],[7,-73],[37,-29],[-63,-16],[-17,-78],[51,22],[-28,-60],[11,-207],[46,-31],[42,16],[24,-36]],[[5036,2496],[24,-46],[-30,-45],[-95,-80],[-28,29]],[[4215,3877],[55,-29],[87,25],[109,-29],[65,22],[28,-84],[81,9],[69,-32]],[[5702,2983],[-38,-62],[-62,-144],[-109,68],[11,78],[-67,14],[-6,-69],[-85,-11],[-10,-41],[49,-46],[21,24],[20,-62],[-70,2],[-24,-69],[-31,-2],[-4,84],[-111,-51],[-52,-60],[-9,-53],[-95,51],[45,-80],[-39,-58]],[[4970,3010],[24,-49],[89,18],[86,49],[-43,11],[-33,85],[51,35],[53,-38],[-14,-42],[24,-44],[40,26],[-8,40],[80,45],[96,-87],[133,27]],[[5548,3086],[16,-47],[-27,-51],[56,-11],[10,-62],[45,60],[54,8]],[[5631,3288],[-57,-4],[45,-76]],[[5619,3208],[-49,-53],[-22,-69]],[[4958,3450],[56,-51],[57,34],[9,-36],[70,40],[-18,-69],[94,27],[31,33],[78,0],[28,-33],[105,75]],[[5468,3470],[49,25],[38,-65],[62,0],[25,-42]],[[5642,3388],[-11,-100]],[[5631,3288],[100,-20],[-10,-53],[-102,-7]],[[5766,3442],[-33,-25],[40,-36],[0,-106],[78,-20],[2,-87]],[[5853,3168],[-151,-185]],[[5642,3388],[24,53],[100,1]],[[5688,3613],[27,-63],[12,47],[49,-18],[-28,-87],[43,-42]],[[5791,3450],[-25,-8]],[[5468,3470],[-52,38],[33,38],[-38,36],[-82,-20],[-9,68],[-125,32],[47,60],[12,53],[-24,51],[41,0],[69,-64],[39,24]],[[5379,3786],[10,-78],[55,38],[95,-33]],[[5539,3713],[70,-92],[79,-8]],[[4847,3811],[50,30],[45,-44],[24,91],[53,-22],[39,40],[63,-16],[-5,54],[61,78],[2,107],[80,-12],[48,45],[36,-13]],[[5343,4149],[16,-83],[-24,-86],[-44,-27],[52,-122],[59,13],[6,-60],[-29,2]],[[4709,3759],[-24,105],[32,33],[-96,125],[21,57],[-67,7],[-50,94],[57,13],[10,69],[47,33],[-29,51],[154,40],[48,56],[23,-60],[102,-71],[96,-23],[35,98]],[[5068,4386],[34,-48],[64,-38],[29,11],[20,84],[62,-4],[33,116],[70,-16],[39,-113],[58,-12]],[[5477,4366],[-27,-135],[-90,2],[14,-47]],[[5374,4186],[-31,-37]],[[5639,3915],[1,-64],[-39,-25],[-53,11],[-9,-124]],[[5374,4186],[65,-107],[129,-108],[-30,-29],[101,-27]],[[5791,3450],[39,23],[60,-25],[-17,94],[4,84],[54,-64],[-2,62],[91,57],[106,1],[38,-74],[9,42],[53,-59]],[[6226,3591],[32,-36]],[[6258,3555],[-126,-123],[-12,-48],[-202,-156],[-65,-60]],[[5688,3613],[46,80],[54,13],[34,42],[36,-22],[51,64],[20,98],[85,-26],[29,22],[5,78],[51,55],[4,78],[-18,107]],[[6085,4202],[15,-38],[67,-35],[95,-149]],[[6262,3980],[-9,-238],[-65,-76],[38,-75]],[[5639,3915],[77,-33],[75,84],[16,91],[98,-20],[58,49],[43,105],[0,49]],[[6006,4240],[79,-38]],[[5477,4366],[62,16],[68,71],[78,56],[142,13]],[[5827,4522],[-30,-56],[57,-35]],[[5854,4431],[-5,-51],[59,-40],[62,-103],[36,3]],[[5264,5036],[37,-23],[66,56],[41,140],[38,16],[59,-60],[62,-9],[109,-82],[-23,-189],[-35,-47],[68,-91]],[[5686,4747],[40,-103],[63,-15],[38,-107]],[[5068,4386],[3,154],[-119,6],[-56,67],[-58,0],[14,47],[136,91],[-23,38],[54,173],[-2,98]],[[5017,5060],[39,-31],[-9,-38],[43,-47],[141,-11],[-10,42],[46,27],[-3,34]],[[6343,4882],[-5,-56],[-80,-28],[-17,-33],[-29,46],[-35,-15],[-140,33],[-27,-87],[29,-100],[-11,-182]],[[6028,4460],[-59,-23],[-115,-6]],[[5686,4747],[55,-3],[141,47],[-10,58],[31,33],[-14,45],[92,9],[42,-36],[16,58],[77,31],[-38,82],[54,42]],[[6132,5113],[41,-64],[105,-11]],[[6278,5038],[21,-120],[44,-36]],[[5264,5036],[-62,111],[8,89],[-15,82],[-97,51],[56,45],[-12,53]],[[5142,5467],[63,51],[18,-20],[98,45],[69,-18],[47,35],[12,118],[73,87],[53,-11],[27,96]],[[5602,5850],[95,-110]],[[5697,5740],[71,-66],[64,2],[237,-169],[68,-20]],[[6137,5487],[-23,-58],[-60,-2],[-15,36],[-95,-69],[24,-129],[60,-63],[94,-57],[10,-32]],[[6137,5487],[71,-58],[157,-25],[24,-17],[165,13]],[[6554,5400],[-59,-173]],[[6495,5227],[-18,-103],[-158,-17],[-41,-69]],[[6343,4882],[49,67],[72,20],[29,49],[49,13],[-10,-84],[46,22],[50,-58],[-53,-116],[31,-78],[50,-13]],[[6656,4704],[-22,-66],[39,-1],[29,-44],[-59,-95],[-95,62],[-51,-67],[-90,-27]],[[6407,4466],[-180,-18],[-65,59],[-134,-47]],[[6654,4427],[-35,-16],[-48,-94],[-51,-24],[-27,-55],[-103,-38],[-37,-85],[-35,7],[-42,-58],[21,-67],[-35,-17]],[[6407,4466],[46,-44],[2,-71],[34,31],[74,-13],[2,53],[-32,20],[81,44],[40,-59]],[[6656,4704],[89,16],[-31,58],[115,51],[-24,82],[15,98],[55,-53],[-10,44]],[[6865,5000],[42,0],[47,42],[0,40],[65,-33],[18,-74],[-50,-31],[30,-95]],[[7017,4849],[-45,-62],[12,-85],[-21,-69],[-15,52],[-23,-45],[-35,58],[-12,-151],[-66,51],[-25,-87],[95,-31],[1,-94]],[[6883,4386],[-52,32],[-177,9]],[[6495,5227],[100,22],[8,-51],[45,29],[41,-13],[58,73],[42,-18],[50,22]],[[6839,5291],[-27,-95],[44,-51],[-25,-31],[34,-114]],[[6839,5291],[143,-13],[23,76],[50,-3],[32,45],[29,120],[110,29],[3,46],[40,1],[30,-60]],[[7299,5532],[-20,-69]],[[7279,5463],[-49,-25],[20,-75]],[[7250,5363],[-53,-58],[-17,-94],[92,-84],[-4,-36]],[[7268,5091],[19,-69],[-19,-44]],[[7268,4978],[-57,20],[-14,-33],[-70,-21],[-49,14],[-20,-76],[26,-35],[-21,-49]],[[7063,4798],[-42,-12],[-4,63]],[[7268,5091],[68,58],[17,96],[-103,118]],[[7279,5463],[105,-152]],[[7384,5311],[9,-57],[-49,-203]],[[7344,5051],[-41,-71],[-35,-2]],[[7299,5532],[63,17]],[[7362,5549],[5,-124],[39,-31]],[[7406,5394],[-22,-83]],[[7406,5394],[39,13]],[[7445,5407],[17,-125],[62,-82],[64,-57],[40,-125],[53,-16],[-34,-37],[71,-83]],[[7718,4882],[-141,-2],[-58,25],[-97,-18],[-40,20]],[[7382,4907],[42,46],[-20,65],[-60,33]],[[7382,4907],[-13,-58],[30,-120],[-6,-80]],[[7393,4649],[-4,-18],[-130,-2],[-95,13],[-46,-82],[-52,31],[42,93],[-45,114]],[[7393,4649],[81,7],[37,-85]],[[7511,4571],[-49,-31],[-73,9],[-37,-58],[-69,-5]],[[7283,4486],[-80,38],[-49,-33],[-91,15],[-44,-60],[-102,9],[-34,-69]],[[7298,4255],[-201,-93],[-214,-147],[-193,-109],[-152,-102],[-221,-187],[-59,-62]],[[7283,4486],[11,-60],[-38,-64],[-53,-15],[38,-54],[-11,-47],[68,9]],[[7511,4571],[24,-124]],[[7535,4447],[-29,-36],[4,-60]],[[7510,4351],[-212,-96]],[[7718,4882],[11,-89],[45,16],[7,-47]],[[7781,4762],[-15,-51],[-52,-16],[-20,-113],[-38,5],[32,-59],[-56,-50],[-97,-31]],[[7888,4793],[92,-29],[14,34]],[[7994,4798],[116,-91],[29,-78],[37,-21]],[[8176,4608],[-2,-59],[-110,-22],[-92,-45],[-31,31],[11,-66],[-295,-92],[-147,-4]],[[7781,4762],[77,7],[30,24]],[[7888,4793],[-51,72],[16,35],[-32,65],[7,153],[-36,-2],[-86,57]],[[7706,5173],[37,121],[47,-25],[114,51],[-16,-95],[75,44],[30,-155]],[[7993,5114],[-53,-34],[-3,-149],[65,-64],[-8,-69]],[[8601,5154],[-154,-118],[-92,-185],[-52,-75],[-29,-5],[-46,-115],[-30,8],[-22,-56]],[[7993,5114],[70,8],[60,-46],[58,11],[34,53]],[[8215,5140],[49,13],[58,56],[23,-22],[55,53],[104,-65],[41,14],[56,-35]],[[7706,5173],[-74,100],[-27,167]],[[7605,5440],[20,41],[97,-70],[82,-20],[50,41],[54,-27],[86,7]],[[7994,5412],[78,-19],[67,30],[13,-34]],[[8152,5389],[22,-78],[-43,-62],[4,-73],[80,-36]],[[8152,5389],[99,20]],[[8251,5409],[72,-55],[108,24],[32,-27],[72,36],[104,-31],[66,-76],[46,3],[91,73]],[[8842,5356],[-30,-54],[-211,-148]],[[8251,5409],[50,-18],[-20,89],[-33,-26],[-23,66],[98,9],[-39,58]],[[8284,5587],[14,62],[55,31],[40,-44],[64,18]],[[8457,5654],[38,-25],[60,58],[189,20],[49,27]],[[8793,5734],[2,-49],[-36,-63],[-5,-108],[-34,-30],[28,-41],[88,13],[6,-100]],[[8498,5921],[43,-41],[0,-50],[39,40],[-12,37],[74,0],[44,78],[35,-11],[47,49],[-1,-113],[46,33],[89,224]],[[8902,6167],[45,78],[86,-15],[126,22],[36,-109],[-20,-20],[-81,16],[-64,-16],[101,-9],[66,-44],[-128,-105],[-122,-118],[-108,-91],[-46,-22]],[[8457,5654],[-9,69],[52,55],[-15,47],[-52,29],[65,67]],[[8590,6303],[139,-47],[66,-2],[25,-78],[46,7]],[[8866,6183],[36,-16]],[[8498,5921],[-74,17],[22,63],[-127,-3]],[[8319,5998],[-3,54]],[[8316,6052],[122,29],[45,35],[-22,98],[64,56],[40,-16],[25,49]],[[8284,5587],[-124,36],[-43,80],[53,49],[42,-31],[25,62],[-44,49],[-5,51]],[[8188,5883],[87,102],[44,13]],[[7994,5412],[27,66]],[[8021,5478],[11,98],[-16,69],[15,78],[-41,44],[50,94]],[[8040,5861],[63,6],[6,93]],[[8109,5960],[10,-44],[69,-33]],[[8021,5478],[-64,-35],[-64,22],[19,118],[-133,26]],[[7779,5609],[97,140],[-47,60],[-62,-15],[-8,67],[-47,29]],[[7712,5890],[17,41],[44,-1],[100,86],[12,-73],[108,-33],[47,-49]],[[7430,6065],[3,31]],[[7433,6096],[76,-29],[86,-124],[71,-73],[46,20]],[[7779,5609],[-36,-8],[62,-48],[57,-80],[-30,-6],[-57,58],[-107,60],[-88,-9],[-94,42]],[[7486,5618],[-14,54],[16,66]],[[7488,5738],[36,20],[25,74],[-58,11],[-30,44]],[[7461,5887],[19,62],[-50,116]],[[7350,5643],[32,0],[2,-83],[24,33],[68,-10],[10,35]],[[7605,5440],[-58,-7],[-42,27],[-60,-53]],[[7362,5549],[-12,94]],[[7488,5738],[-73,-22],[-135,24]],[[7280,5740],[47,25],[17,65],[117,57]],[[7350,5643],[-106,-25],[-47,71]],[[7197,5689],[83,51]],[[6685,5663],[49,35]],[[6734,5698],[47,60],[127,-49],[20,51],[94,27],[79,111],[34,89],[46,-22],[15,53],[41,25],[29,-25],[93,16],[34,-18],[37,49]],[[7197,5689],[-64,-93],[-68,-9],[-68,31],[5,36],[-69,38],[-72,-47],[-2,-109],[-98,25],[-20,-85]],[[6741,5476],[-59,122],[3,65]],[[6554,5400],[188,63],[-1,13]],[[6153,5921],[50,-14],[81,-69],[6,-56],[66,-61],[66,-7],[89,-38],[105,-13],[-7,40],[76,-40]],[[5697,5740],[76,109],[87,1],[59,-29],[9,33]],[[5928,5854],[140,-3],[25,61],[60,9]],[[5142,5467],[-41,-24],[-45,31],[7,82],[-17,56],[-46,42],[6,55],[-62,34],[-14,148],[-49,147],[-87,41],[-42,-39],[9,-66],[-44,-78],[-56,-38],[-72,36],[-53,-44],[-69,31]],[[4467,5881],[31,35],[-2,131],[-59,83],[-7,59],[52,-15],[-7,40],[71,7],[2,60],[50,18],[-74,131]],[[4524,6430],[91,66],[55,18],[63,-26]],[[4733,6488],[139,-99],[10,-126],[23,-38],[91,-44],[50,4],[130,-93],[58,-23],[110,-130],[123,-27],[37,13],[80,-40],[18,-35]],[[3939,5491],[-99,43],[-45,-40],[-47,15]],[[3748,5509],[-135,129],[-15,-9]],[[3598,5629],[8,76],[41,26]],[[3647,5731],[70,16],[67,49],[69,96],[-21,69],[62,149],[10,133],[40,58],[79,40],[114,-5],[49,43]],[[4186,6379],[93,6],[78,-29],[121,38],[46,36]],[[4467,5881],[-79,-7],[-66,-52],[-72,30],[-38,-11],[-53,73],[-10,-78],[-64,0],[-108,-142],[15,-156],[-44,15],[-9,-62]],[[5017,5060],[-48,184],[8,79],[-27,-34],[-32,51],[-23,-53],[9,-56],[-79,-31],[-136,140],[-10,-167],[-24,-71],[-55,-11]],[[4600,5091],[-36,69],[-106,16],[-61,-27],[-57,9],[2,62],[-183,58],[-146,76],[-1,109],[-73,28]],[[4196,3962],[21,29],[33,180],[-25,75],[54,165],[29,144],[-70,-51],[-68,-11],[-44,54],[-53,-27],[-13,67],[-77,22],[-7,49],[97,58],[105,-36],[55,109],[47,18],[24,-32],[-6,-82],[51,-2],[37,69],[37,-45],[37,54],[-3,-52],[85,16],[4,29],[75,-20],[37,189],[-58,42],[-40,111],[40,7]],[[3472,4540],[10,69],[73,82]],[[3555,4691],[30,45],[30,130],[86,-51],[70,47],[54,-20],[10,58],[121,107],[-8,66],[-90,0],[-19,54],[-3,102],[-24,171],[-87,38]],[[3725,5438],[23,71]],[[3168,4524],[-37,54],[-29,-20],[-70,115],[39,47],[-14,89],[104,62],[-4,40],[-73,5],[26,51],[-31,4],[-61,67]],[[3018,5038],[34,124],[70,45],[24,47],[99,24],[16,58],[68,64],[19,63],[105,108],[21,-84],[83,-24],[44,-76],[79,-29],[52,40],[-7,40]],[[3555,4691],[-133,47],[-33,48],[-18,-79],[-54,-114],[-66,45],[-42,-58],[53,-56],[3,-44],[-98,-18],[1,62]],[[3168,4524],[-94,-4],[-51,-82],[6,-61],[-87,16],[-38,-14],[-16,70],[-60,31],[-40,-54],[-69,7]],[[2719,4433],[-49,38],[-1,65],[78,200],[53,53],[-83,9],[-76,42],[-8,44],[-78,7],[-32,29],[40,56]],[[2563,4976],[117,-3],[28,29],[155,20],[28,-49],[63,7],[64,58]],[[2187,4533],[91,40],[53,-44],[-27,-87],[71,-23],[70,14],[-31,-53],[-5,-85],[-68,-146],[-2,-47],[-48,-2],[1,-87],[22,31],[45,-27],[29,20],[15,-73],[100,-60]],[[2503,3904],[30,-82],[-31,-45],[27,-37],[-27,-59],[-36,18],[21,-106],[-55,-43],[-39,27],[16,76],[-81,13],[-12,47],[-71,55],[-131,-38],[-30,-51],[-17,-93]],[[2067,3586],[-57,20],[13,38],[-79,9],[-16,75],[-46,9]],[[1882,3737],[30,54],[-35,42],[49,35],[17,78],[0,107],[57,26],[-18,61]],[[1982,4140],[56,33],[45,82],[86,5],[31,91],[-29,75],[16,107]],[[2719,4433],[5,-87],[78,-51],[-39,-95],[32,-71],[-71,-72],[-6,-86],[-72,-34],[-46,38],[-64,-80],[-33,9]],[[2187,4533],[-19,72]],[[2168,4605],[54,55],[85,164],[34,-6],[23,140]],[[2364,4958],[141,-34],[36,65]],[[2541,4989],[22,-13]],[[2420,2950],[-29,65],[-55,4],[34,40],[39,142],[-82,9],[-32,31],[-39,-33],[-70,62],[-9,125],[-94,82]],[[2083,3477],[-31,51],[15,58]],[[1306,2908],[-29,24],[-7,145],[47,140],[-63,31],[39,38],[29,98],[-28,35]],[[1294,3419],[73,100],[56,9],[-6,76],[98,-5],[30,-53],[98,20],[17,64],[-18,63],[71,20],[58,-27],[1,-44],[51,-25],[59,120]],[[2083,3477],[-40,-44],[14,-47],[-28,-76],[22,-66],[-75,28],[12,-71],[-66,-51],[-77,11],[-33,-86],[-50,4],[-65,56],[-30,57],[-29,-48],[-8,-121],[-134,109],[-18,-73],[-63,-60],[-29,40],[-76,-36],[-4,-95]],[[1353,2765],[-69,21],[30,73],[-8,49]],[[1576,4258],[83,108],[88,47],[91,-15],[8,-27],[157,-43],[-43,-69],[22,-119]],[[1294,3419],[-79,-13],[-37,78],[-8,100],[-114,-18],[39,78],[-20,93],[28,85],[-8,93]],[[1095,3915],[138,67],[44,-23],[32,27],[11,-118],[106,-11],[19,82],[30,12],[-2,79],[-23,78],[39,32],[-8,46],[41,7],[54,65]],[[1095,3915],[-14,49],[9,95],[22,32],[-9,78],[-120,8],[-37,83],[4,39],[-170,87],[-35,103],[35,151],[49,42],[89,122],[83,-106],[34,-14],[19,-62],[55,84],[98,-79],[81,-25],[21,-40],[86,42],[53,-53],[61,-182],[67,-111]],[[2168,4605],[-124,8],[-68,-16],[-64,45],[-67,2],[-44,34],[-132,37],[-9,145],[-21,53],[58,121],[-15,126],[38,31],[-11,65],[-48,51],[50,156]],[[1711,5463],[177,-94],[32,98],[-4,71],[35,16],[-6,-52],[50,29],[56,-28],[40,-103],[89,0],[17,29]],[[2197,5429],[-10,-75],[94,0],[50,57],[15,-40],[-37,-80],[55,38],[47,-13],[-2,-83],[-50,50],[-15,-56],[81,-51],[-22,-154],[-52,-17],[13,-47]],[[2222,5918],[-19,-100],[-27,-29],[-9,-138],[-35,-104],[65,-118]],[[1711,5463],[-25,128],[-36,-44],[-14,115],[-54,23],[-45,55],[25,87],[50,63],[-3,91],[-34,80],[-11,129],[-2,177],[21,92],[15,-30],[76,-17],[21,-78],[62,-14],[39,54],[11,114],[114,86],[115,203],[-22,75],[38,32]],[[2052,6884],[37,-29],[50,-121],[-8,-109],[19,-73],[-28,-129],[14,-302],[19,-7]],[[2155,6114],[-9,-91],[39,-11],[37,-94]],[[2222,5918],[15,27],[87,-111],[126,-65],[24,-115],[132,-31],[24,-32],[38,69],[72,16],[42,56]],[[2782,5732],[51,-29],[60,-121],[57,-37],[24,-53],[-109,-54],[46,-213],[-95,-23],[-17,-62],[-43,16],[-60,-27],[-60,2],[2,-113],[-57,33],[-40,-62]],[[2782,5732],[69,140],[54,20]],[[2905,5892],[91,-80],[-5,-45],[38,-29],[32,27],[25,-84],[139,51],[111,-63],[30,47],[67,-40],[111,40],[32,-115],[22,28]],[[3630,5883],[0,-111],[17,-41]],[[2905,5892],[14,86],[42,-20],[77,34],[53,78],[-7,57],[-40,12],[-14,53],[28,49]],[[3058,6241],[87,-58],[49,20],[62,-20],[-2,29],[53,49],[2,-31],[71,33],[47,145],[69,-76],[-38,-27],[1,-131],[41,7],[-18,-147],[40,-55],[-26,-25],[-6,-73],[140,2]],[[2155,6114],[59,2],[17,98],[141,191],[93,96],[63,-42],[65,20],[29,-96],[173,27],[23,31],[47,-25],[54,47]],[[2919,6463],[47,27],[41,77],[58,-33],[1,-42],[44,-93],[36,-2]],[[3146,6397],[-86,-94],[-2,-62]],[[3402,6821],[-14,-75],[32,-45],[64,-29],[108,-15],[109,11],[-48,-98],[16,-61],[-69,-64],[-6,-55],[73,-29],[-36,-62],[63,-12],[4,-53],[34,-4],[32,-56],[-15,-64],[-47,-67],[-29,-102],[-43,-58]],[[3146,6397],[48,66],[30,-15],[102,42],[6,27],[-55,71],[8,98],[-45,28],[-42,-44],[-63,64],[44,85],[108,29],[63,-76],[52,49]],[[3402,6821],[55,-27],[8,42],[88,32],[93,104],[77,7]],[[3723,6979],[55,-25]],[[3778,6954],[62,-102],[-27,-60],[13,-89],[-33,-48],[33,-23],[26,-87],[85,-26],[23,-32],[60,14],[75,-45],[91,-77]],[[3778,6954],[48,9],[105,69],[29,-80],[75,-37],[47,126],[36,43]],[[4118,7084],[148,-89],[9,-116],[95,-71],[36,13],[127,-31],[22,-124],[56,2],[78,-105],[68,4]],[[4757,6567],[-24,-79]],[[4757,6567],[80,52],[124,57],[56,116],[70,100],[84,14],[88,-52],[102,43],[52,-42]],[[5413,6855],[112,11],[26,-80],[31,-23],[24,-116],[16,1],[-40,-116],[11,-58],[50,-31],[23,-122],[96,62],[13,-36],[87,7],[83,-44]],[[5945,6310],[2,-109],[-44,-5],[-36,-55],[22,-34],[-40,-28],[12,-68],[67,-109],[40,-4],[-40,-44]],[[5515,7079],[91,-78],[29,25],[-32,44],[39,13],[94,-15],[69,-49],[20,82],[65,-42],[-7,51]],[[5883,7110],[35,-38],[-44,-73],[8,-45],[-46,-24],[38,-31]],[[5874,6899],[31,-4],[3,-170],[37,-93],[45,-56],[64,29],[55,-106],[42,-12],[42,45],[55,-20]],[[6248,6512],[-36,-29],[-23,-124],[-58,37],[-56,-26],[-93,-11],[-37,-49]],[[5413,6855],[-21,66],[24,111],[67,1],[32,46]],[[6248,6512],[31,0],[25,-71],[41,42]],[[6345,6483],[19,-33],[-5,-151],[-94,-27],[27,-71],[-29,-149],[-47,-38],[10,78],[-36,73],[-20,-5],[-43,-99],[37,-89],[-11,-51]],[[5874,6899],[57,69],[114,15],[7,36],[72,-71],[-51,-129],[45,-60],[91,-16],[9,74]],[[6218,6817],[47,-18],[92,-89],[-20,-69],[2,-125],[37,-19]],[[6376,6497],[-31,-14]],[[6580,7110],[-18,-31],[-102,-20],[-49,44],[-37,-24],[-57,-205],[-88,9],[-11,-66]],[[5883,7110],[-43,25],[-21,71],[-46,46],[30,50],[68,44],[32,-18],[89,11],[-42,65],[-7,120],[-21,66],[46,87],[60,-29],[27,31],[132,7],[79,125],[15,71],[-40,69],[-68,13]],[[6173,7964],[33,60],[35,2],[3,83]],[[6244,8109],[93,26],[24,-98],[48,-106],[34,-27],[34,-173],[-55,-76],[-68,11],[27,-49],[49,-27],[4,-40],[60,-75],[-27,-82],[-19,19],[-52,-62],[-15,-51],[42,2],[115,-73],[42,-118]],[[6580,7110],[114,-118],[62,-29],[77,110],[84,-61],[62,60],[112,36],[36,-82]],[[7127,7026],[-65,-27],[-2,-51],[32,-67],[40,-24],[8,-67],[-17,-98]],[[7123,6692],[20,-69],[-56,-9],[-40,-38],[-29,56],[-55,-33],[-21,31],[-57,-11],[-111,44],[-80,-37],[2,-92],[43,-25],[-7,-66],[42,-2],[86,-65],[15,-51],[-80,-75],[9,-54]],[[6804,6196],[-52,49],[-79,7],[-81,62],[-100,22],[-73,85],[3,38],[-46,38]],[[7123,6692],[65,11],[100,-102],[73,-27],[83,0],[3,-60],[-32,-107]],[[7415,6407],[-127,27],[-79,35],[-77,-30],[-25,-56],[-90,-45],[21,-93],[58,-11],[-51,-140],[-106,36],[-33,-23],[-18,-69]],[[6888,6038],[-36,16],[14,44],[-35,23],[4,71],[-31,4]],[[6888,6038],[16,-22],[-97,-27],[-31,-28],[-49,-149],[-24,-16],[-7,-102],[38,4]],[[7415,6407],[94,-19]],[[7509,6388],[33,-39],[89,-21],[-19,-67],[16,-78]],[[7628,6183],[-35,-33],[-40,24],[-39,-31],[-86,-16],[5,-31]],[[7127,7026],[61,-1],[31,-88],[151,-31],[69,17],[30,87]],[[7469,7010],[69,18],[72,-14],[103,63],[-22,-83],[-72,-115],[32,-102],[56,-21]],[[7707,6756],[39,-75],[-75,-20],[65,-24],[-9,-49],[55,-9],[15,-34],[-41,-48]],[[7756,6497],[-69,-23],[-132,-2],[-46,-84]],[[8047,6766],[-1,-156]],[[8046,6610],[-48,-2],[-20,-85],[-73,-122],[43,-14],[27,-53],[-30,-49]],[[7945,6285],[-43,45]],[[7902,6330],[-26,51],[-55,-9],[-9,58],[-56,67]],[[7707,6756],[22,76],[63,49],[122,-38]],[[7914,6843],[87,-35],[46,-42]],[[8172,6298],[-32,12],[-30,-47],[-44,33],[-41,-24],[-80,13]],[[8046,6610],[-12,-78],[51,-22],[26,-63],[43,-26],[61,24]],[[8215,6445],[105,-42],[96,56],[85,-12]],[[8501,6447],[-24,-117],[-37,13],[-147,-9],[-71,44],[-19,-91],[-31,11]],[[7902,6330],[-39,17],[-20,-42],[74,-36],[-15,-55],[58,-35],[42,-78]],[[8002,6101],[-39,-69],[-56,2],[-30,33],[-31,-27],[-40,50],[-88,35],[-17,58],[-73,0]],[[8002,6101],[98,-58],[9,-83]],[[8172,6298],[-38,-93],[59,-26],[27,-136],[96,9]],[[8501,6447],[53,-40]],[[8554,6407],[36,-104]],[[8554,6407],[71,16],[12,36],[-39,77],[13,54]],[[8611,6590],[68,-12],[31,134],[59,34],[47,-94],[75,-20],[165,40]],[[9056,6672],[99,-235],[-12,-143],[-155,9],[-82,-58],[-40,-62]],[[8215,6445],[46,105],[-10,75],[103,73]],[[8354,6698],[20,-24],[94,18],[28,31],[18,103],[106,-40]],[[8620,6786],[-70,-85],[7,-64],[55,-16],[-1,-31]],[[8620,6786],[-1,68]],[[8619,6854],[35,47],[-12,93],[31,83],[87,18]],[[8760,7095],[76,-11],[-27,57],[21,52],[53,15],[47,-49],[43,2]],[[8973,7161],[-29,-107],[33,-182],[79,-200]],[[8354,6698],[-30,79],[-62,-58],[-25,84],[59,25],[-31,64],[-22,114],[39,55]],[[8282,7061],[46,-2],[78,-47],[47,49],[30,-6],[58,-128],[61,-12],[17,-61]],[[8047,6766],[23,-7],[17,85],[-8,115],[-56,82],[26,53],[77,7],[50,124]],[[8176,7225],[129,-79],[-23,-85]],[[8160,7353],[108,66]],[[8268,7419],[69,-62],[14,56],[45,-27],[20,53],[56,7],[71,-33]],[[8543,7413],[23,-23],[-17,-69],[20,-26],[-4,-87],[183,-56],[12,-57]],[[8176,7225],[-16,128]],[[8543,7413],[11,66],[46,29],[44,71],[29,-77],[57,-43],[-17,-53],[48,-2],[113,53],[26,-29],[26,49]],[[8926,7477],[57,-7],[27,-124],[47,-16]],[[9057,7330],[-84,-169]],[[8268,7419],[21,43],[103,95]],[[8392,7557],[51,64],[81,194],[85,18],[25,104],[57,31],[108,23],[62,-16]],[[8861,7975],[49,-27],[-8,-118],[19,-75],[-29,-116],[56,-53],[-22,-109]],[[8861,7975],[10,11]],[[8871,7986],[113,-22],[57,36],[80,-76],[36,24]],[[9157,7948],[7,-31],[-52,-26],[-24,-49],[31,-38],[-71,9],[-64,53],[-56,11],[41,-91],[45,13],[18,-58],[30,21],[66,-36],[61,-3],[47,-57],[22,-71]],[[9258,7595],[-80,-56],[-58,-66],[-63,-143]],[[9533,7835],[-149,-98],[-126,-142]],[[9157,7948],[56,29],[-14,36]],[[9199,8013],[37,42],[127,-2],[28,-87],[50,-93],[92,-38]],[[9682,8191],[22,-61],[41,-15],[16,-80],[-48,-40],[39,-64]],[[9752,7931],[96,-78],[-213,0],[-102,-18]],[[9199,8013],[0,124]],[[9199,8137],[53,-7],[10,52],[-18,93],[72,-71],[37,42]],[[9353,8246],[84,-9],[18,-29],[-25,-60],[9,-55],[53,2],[0,-42],[51,49],[3,84],[70,-13],[13,-38],[53,56]],[[9711,8388],[70,-8],[26,-47],[116,4],[50,-120],[-18,-131],[38,-40],[6,-58],[-102,-66],[-26,-54],[-44,56],[-75,7]],[[9682,8191],[34,118],[-5,79]],[[9361,8536],[-3,100],[107,55],[13,82],[46,-42],[64,2],[29,-69],[-29,-53],[16,-82],[60,-120],[47,-21]],[[9353,8246],[15,98],[92,-11],[29,92],[-79,54],[-49,57]],[[9199,8137],[3,81],[-36,86],[-60,-2],[-11,-42],[-29,51],[-44,13],[3,51],[-86,7]],[[8939,8382],[-16,133],[-61,-10],[29,72],[70,-50],[0,33],[62,-4],[-29,46],[0,118],[-85,47],[-34,61]],[[8875,8828],[-19,112],[44,122]],[[8900,9062],[54,-30],[180,-30],[62,-79],[37,-8],[27,-109],[-47,-102],[-11,-69],[52,-88],[107,-11]],[[8939,8382],[-54,-89],[-31,45],[17,68],[-64,16],[-118,-65],[5,-89]],[[8694,8268],[-75,14],[-39,-171],[39,-78],[-46,-47],[-50,18],[-32,129],[-66,127]],[[8425,8260],[3,93],[20,49],[81,15],[43,74],[49,11],[-2,49],[53,22],[55,-62],[72,67],[-50,95],[4,76],[45,58],[77,21]],[[8871,7986],[-11,31],[-75,44],[11,32],[-63,45],[-39,130]],[[8392,7557],[-73,-22],[-60,104],[13,98]],[[8272,7737],[46,56],[-82,44],[15,89],[26,-9],[70,118],[-10,89],[65,51],[-5,87],[28,-2]],[[8160,7353],[-4,42],[-98,73],[-21,42],[-91,-97],[-31,-96],[-79,4],[-69,-26],[-43,82],[78,193],[35,34],[-56,107],[-48,41],[-149,87]],[[7584,7839],[13,54],[49,31],[51,116],[-10,77],[-38,101],[-42,-30],[-11,90],[-78,-7],[-50,48],[-58,11],[-37,56],[-120,36],[3,76]],[[7256,8498],[40,-34],[55,12],[77,-18],[101,151],[58,-47],[-7,-46],[58,33],[11,55],[47,-5],[25,-124],[70,-35],[98,-16],[49,12]],[[7938,8436],[30,-54],[6,-96],[115,-28],[46,-45],[46,-93],[-54,-303],[-59,-124],[-67,-23],[0,-44],[79,9],[99,120],[69,-32],[24,14]],[[7938,8436],[-3,106],[27,-126],[89,-45],[97,22],[96,118],[44,-56],[30,16],[4,96],[-81,57],[-30,-4],[-57,-100],[-80,100],[14,51],[67,36],[-81,9],[-68,-16],[-31,193]],[[7975,8893],[23,92],[60,-5],[29,27],[42,-22],[-9,72],[53,-30],[59,9],[81,98],[29,86],[-61,41],[53,55],[48,-52],[127,25],[-24,-53],[11,-67],[38,-11],[16,-53],[89,22],[27,-27],[71,27]],[[8737,9127],[123,22],[40,-87]],[[7609,9207],[-96,118],[74,124],[4,49],[-47,16],[37,48],[-11,134],[-25,-6],[-62,77],[26,94],[98,75],[17,63],[48,-45],[52,-115],[160,-47],[28,-48],[97,-8],[81,-140]],[[8090,9596],[36,-58],[-5,-57],[-94,-60],[-78,22],[-3,-36],[-73,11],[-6,-100],[-52,-82],[-43,-15]],[[7772,9221],[-24,15],[-46,-69],[-93,40]],[[7975,8893],[-52,-8],[-33,-51],[-59,-29],[-18,46],[36,54],[-38,84],[58,60],[25,60],[-44,42],[-52,-26],[-35,48],[9,48]],[[8090,9596],[47,-56],[135,-88],[81,89],[65,-54],[3,-31],[88,-11],[22,-47],[89,-27],[6,-53],[122,-42],[-11,-149]],[[7256,8498],[-37,120]],[[7219,8618],[6,100],[-131,62],[-21,48],[-51,12],[9,87]],[[7031,8927],[81,13],[130,111],[48,-69],[-71,0],[-14,-85],[-35,-59],[47,-60],[167,-7],[26,-18],[15,80],[44,25],[102,200],[-7,65],[45,84]],[[6307,8814],[68,162],[78,91],[64,-5],[1,65],[77,4],[176,-91],[41,-44],[85,-23],[87,33],[47,-79]],[[7219,8618],[-54,-31],[-92,30],[5,36],[-52,65],[-66,20],[-75,-27]],[[6885,8711],[-38,87],[2,53],[-44,7],[-48,-110],[-51,30],[-8,-125],[31,-33],[-26,-50],[-39,12],[-97,-89],[-12,-69],[-44,-38]],[[6511,8386],[-32,60]],[[6479,8446],[35,56],[26,120],[-6,49],[-43,36],[-121,17],[-63,90]],[[7306,8024],[-34,-11],[-6,-65],[-46,-4],[16,47],[-32,64],[-108,-93],[-4,-53],[-103,-3]],[[6989,7906],[-50,-6],[-53,-50],[-11,-48],[-111,73],[-70,153],[8,129],[-66,71],[31,105],[-73,-25],[7,85],[-37,-31],[-53,24]],[[6885,8711],[52,-40],[-69,-107],[0,-49],[47,-22],[38,27],[-8,-96],[63,5],[37,-60],[-36,-14],[-2,-137],[62,-69],[25,31],[86,-107],[55,6],[71,-55]],[[7584,7839],[34,-82],[-62,-44]],[[7556,7713],[0,-54],[-68,27],[-6,60],[-60,65],[-32,-47],[-43,11],[-1,44],[45,-8],[-17,86],[-90,16],[36,80],[-14,31]],[[7914,6843],[-8,107],[-49,85],[-6,-43],[-69,27],[-15,60],[-50,16],[91,29],[-31,44],[-9,105],[-41,17],[-49,138],[-6,71],[-72,93],[-15,87],[-29,34]],[[7469,7010],[-15,51],[37,27],[17,166],[-31,5],[25,93],[-59,-4],[24,34],[-46,8],[-92,67],[-53,-13],[-51,60],[-7,86],[-64,16],[-82,-65],[-55,-4],[7,129],[39,38],[-50,22],[-19,65],[-5,115]],[[6244,8109],[-8,113],[43,49],[-20,56],[43,113],[21,-40],[78,71],[43,-38],[35,13]],[[5515,7079],[-39,73],[36,54],[27,-16],[8,100],[-80,89],[-85,-7],[-55,-77],[-92,-49],[-10,144],[-36,105],[-49,0],[-96,49],[-101,-36]],[[4943,7508],[-25,63],[33,141],[63,41],[-9,46],[90,-4],[14,69],[-13,71],[53,-36],[68,9],[-72,113],[-50,37],[42,64],[91,-21],[110,12],[34,25],[-16,120],[44,19]],[[5400,8277],[29,-84],[38,18],[47,-69],[11,-111],[62,9],[-1,75],[119,-33],[70,35],[57,-17],[27,48],[112,-24],[15,-135],[27,-36],[58,31],[32,-24],[70,4]],[[4118,7084],[27,101],[-15,68]],[[4130,7253],[29,171],[63,60],[9,-25],[74,-15],[68,129],[22,-31],[48,64],[-54,16],[1,98],[59,-19],[-32,87],[68,-24],[46,18]],[[4531,7782],[-20,-29],[74,-138],[63,-62],[49,68],[42,-10],[31,-72],[-18,-53],[109,-24],[-34,111],[72,-67],[44,2]],[[4038,7795],[49,73],[169,-108],[32,-40],[-6,-87],[-41,-40],[-1,47],[-81,88],[-18,-71],[-44,-56]],[[4097,7601],[3,23],[-62,171]],[[3958,7884],[23,51],[131,-33],[114,-3],[29,50],[-22,195],[7,36],[-48,38]],[[4192,8218],[40,55],[31,-5],[43,67],[41,-51],[125,63],[122,-67],[107,22]],[[4701,8302],[21,-78],[-94,-111],[-67,-142],[49,-14],[32,-71],[-79,-9],[23,-37],[58,8],[11,-60],[-63,-26],[-61,20]],[[4130,7253],[-21,77],[-33,29],[19,80],[-3,84],[-48,30],[53,48]],[[4038,7795],[-55,35],[-25,54]],[[4723,8825],[-3,195]],[[4720,9020],[148,85]],[[4868,9105],[47,10],[55,52],[94,33],[30,-113],[28,-182],[26,-19]],[[5148,8886],[-37,-75],[-10,-96],[43,7],[4,-86],[-55,-25],[54,-51],[17,-56],[-15,-95],[61,-43],[-14,-46],[61,-22],[101,19],[42,-40]],[[4701,8302],[51,-4],[18,69],[52,93],[-4,29],[105,284],[-3,65],[-54,35],[-94,-5],[-49,-43]],[[5148,8886],[49,-26],[36,29],[36,-40],[189,-2],[23,17],[175,-33],[86,122],[-47,32]],[[5695,8985],[16,28],[78,27],[101,-58]],[[5890,8982],[14,-26],[89,66],[93,-22],[34,-58],[100,0],[53,-42],[34,-86]],[[5590,9298],[-2,-11]],[[5588,9287],[59,-85],[-17,-73],[34,-14],[9,-117],[22,-13]],[[4868,9105],[26,79],[-47,189],[17,81],[-30,60],[46,27]],[[4880,9541],[109,14],[49,50]],[[5038,9605],[75,-71],[6,-67],[60,18],[123,-38],[96,-151],[62,27],[99,-5],[31,-20]],[[5817,9254],[-55,24],[-94,-20],[-80,29]],[[5590,9298],[-11,51],[58,25],[134,-16],[46,-104]],[[5817,9254],[-21,-109],[31,50],[61,-73],[82,7]],[[5970,9129],[-9,-105],[-71,-42]],[[5038,9605],[75,85],[214,28],[47,-31],[135,0],[14,58],[79,5],[53,-38],[71,37],[7,-55],[45,4],[73,71],[0,-28],[161,84],[35,-15],[-25,-59],[41,-142],[-15,-64],[31,-16],[-10,-51],[45,-6],[1,-51],[-72,-40],[-3,-89],[-70,-163]],[[4723,8825],[-37,-69],[-65,-11],[-59,48],[-89,24],[-11,-35],[-57,-4],[23,-67],[-17,-53],[-82,36],[-35,-63],[-47,-36]],[[4247,8595],[-29,76],[-104,11],[-53,-78],[-78,-60],[-92,-104],[-64,-110],[-128,69],[-22,70],[-61,-51],[-19,17]],[[3597,8435],[18,29],[-23,63],[48,84],[-78,47],[-30,68],[22,92],[-24,33],[7,71],[75,-2],[27,24],[-69,63],[77,133]],[[3647,9140],[67,-24],[23,-34],[125,-36],[72,-80],[54,-17],[43,36],[-32,80],[38,-11],[-12,91],[23,37],[55,-6],[60,64],[104,54],[52,-16],[42,-75],[-4,-63],[34,-14],[0,-124],[47,-31],[68,11],[-12,81],[59,66],[36,-78],[83,-60],[48,29]],[[3647,9140],[22,83],[43,60],[90,44],[73,-9],[78,98],[44,11],[16,67],[50,42],[60,-9],[30,42],[85,-2],[42,24],[78,201],[-108,80],[30,55],[104,-38],[81,-77],[50,-14],[-1,-98],[95,-104],[77,7],[79,-80],[115,18]],[[4192,8218],[-37,95],[39,31],[22,236],[31,15]],[[3958,7884],[-121,127]],[[3837,8011],[-35,117],[-36,36],[-204,76],[-25,-36],[-29,-114],[-60,-64]],[[3448,8026],[-69,40],[-35,45],[50,31],[57,108],[-29,88],[39,68],[75,-47],[-8,81],[69,-5]],[[3837,8011],[-59,-23],[-45,-97],[-78,-63],[82,-229]],[[3737,7599],[-15,-35],[-63,24],[-75,-84],[-53,0],[6,-42],[-41,2],[2,-60],[-66,-40],[26,-91],[-10,-83]],[[3448,7190],[-122,-64],[-95,53],[-38,-51],[-3,-91],[37,-27],[-82,-100]],[[3145,6910],[-98,-36],[-21,56],[-45,-18],[-35,63]],[[2946,6975],[22,11],[47,180],[-9,55],[47,54],[41,-14],[8,56],[-29,69],[24,86],[174,-60],[47,18],[-16,104],[-39,70],[-33,13],[-26,96],[52,127],[4,106],[74,82],[46,25],[0,-69],[34,-31],[34,73]],[[3723,6979],[90,180],[-21,38]],[[3792,7197],[4,82],[46,27],[17,-31],[35,66],[-60,62],[-19,87],[-28,1],[3,93],[-53,15]],[[3792,7197],[-83,2],[-75,-82],[-105,31],[-30,42],[-51,0]],[[2919,6463],[-10,89],[50,98],[-18,40],[71,-27],[38,27],[-6,56],[24,69],[32,6],[45,89]],[[2052,6884],[26,82],[-19,51],[79,18],[119,-2],[52,-43],[84,49],[63,-35],[125,50],[13,-48],[75,-18],[52,-47],[90,-24],[64,4],[71,54]]],"transform":{"scale":[0.0006105802231938936,0.0004749257788015262],"translate":[81.41739116971075,17.81631038703502]}}