{"type":"Topology","objects":{"Jharkhand":{"type":"GeometryCollection","bbox":[83.3465972653562,21.97379773842448,87.98829080363697,25.343526469600103],"geometries":[{"type":"Polygon","properties":{"ac":"4","ASSEMBLY_1":"LITIPARA (ST)","DISTRICT":"DUMKA","PARLIAMENT":"1","P_NAME":"RAJMAHAL (ST)","STATE_UT":"CHHATTISGARH"},"arcs":[[0,1,2,3,4]]},{"type":"Polygon","properties":{"ac":"76","ASSEMBLY_1":"DALTONGANJ","DISTRICT":"GARHWA","PARLIAMENT":"13","P_NAME":"PALAMU (SC)","STATE_UT":"CHHATTISGARH"},"arcs":[[5,6,7,8]]},{"type":"Polygon","properties":{"ac":"70","ASSEMBLY_1":"SIMDEGA (ST)","DISTRICT":"GUMLA","PARLIAMENT":"11","P_NAME":"KHUNTI (ST)","STATE_UT":"CHHATTISGARH"},"arcs":[[9,10,11,12,13]]},{"type":"Polygon","properties":{"ac":"59","ASSEMBLY_1":"TORPA (ST)","DISTRICT":"SIMDEGA","PARLIAMENT":"11","P_NAME":"KHUNTI (ST)","STATE_UT":"CHHATTISGARH"},"arcs":[[14,15,16,17,18,19]]},{"type":"Polygon","properties":{"ac":"57","ASSEMBLY_1":"KHARSAWAN (ST)","DISTRICT":"PACHIM SINGHBHUM","PARLIAMENT":"11","P_NAME":"KHUNTI (ST)","STATE_UT":"CHHATTISGARH"},"arcs":[[20,21,22,23]]},{"type":"Polygon","properties":{"ac":"33","ASSEMBLY_1":"DUMRI","DISTRICT":"BOKARO","PARLIAMENT":"6","P_NAME":"GIRIDIH","STATE_UT":"CHHATTISGARH"},"arcs":[[24,25,26,27,28]]},{"type":"Polygon","properties":{"ac":"20","ASSEMBLY_1":"BARKATHA","DISTRICT":"KODARMA","PARLIAMENT":"5","P_NAME":"KODARMA","STATE_UT":"CHHATTISGARH"},"arcs":[[29,30,31,32]]},{"type":"Polygon","properties":{"ac":"21","ASSEMBLY_1":"BARHI","DISTRICT":"KODARMA","PARLIAMENT":"14","P_NAME":"HAZARIBAG","STATE_UT":"CHHATTISGARH"},"arcs":[[-33,33,34]]},{"type":"Polygon","properties":{"ac":"16","ASSEMBLY_1":"POREYAHAT","DISTRICT":"DUMKA","PARLIAMENT":"3","P_NAME":"GODDA","STATE_UT":"CHHATTISGARH"},"arcs":[[35,36,37,38,39]]},{"type":"Polygon","properties":{"ac":"12","ASSEMBLY_1":"JARMUNDI","DISTRICT":"DEVGHAR","PARLIAMENT":"3","P_NAME":"GODDA","STATE_UT":"CHHATTISGARH"},"arcs":[[40,41,42,43]]},{"type":"Polygon","properties":{"ac":"14","ASSEMBLY_1":"SARATH","DISTRICT":"JAMTARA","PARLIAMENT":"2","P_NAME":"DUMKA (2)","STATE_UT":"CHHATTISGARH"},"arcs":[[44,45,46]]},{"type":"Polygon","properties":{"ac":"3","ASSEMBLY_1":"BARHAIT (ST)","DISTRICT":"SAHIBGANJ","PARLIAMENT":"1","P_NAME":"RAJMAHAL (ST)","STATE_UT":"CHHATTISGARH"},"arcs":[[47,48,49,50]]},{"type":"Polygon","properties":{"ac":"5","ASSEMBLY_1":"PAKAUR","DISTRICT":"SAHIBGANJ","PARLIAMENT":"1","P_NAME":"RAJMAHAL (ST)","STATE_UT":"CHHATTISGARH"},"arcs":[[51,52,53,54,-48]]},{"type":"Polygon","properties":{"ac":"2","ASSEMBLY_1":"BORIO (ST)","DISTRICT":"GODDA","PARLIAMENT":"1","P_NAME":"RAJMAHAL (ST)","STATE_UT":"CHHATTISGARH"},"arcs":[[55,56,57,58,59]]},{"type":"Polygon","properties":{"ac":"81","ASSEMBLY_1":"BHAWANATHPUR","DISTRICT":"GARHWA","PARLIAMENT":"13","P_NAME":"PALAMU (SC)","STATE_UT":"CHHATTISGARH"},"arcs":[[60,61,62,63]]},{"type":"Polygon","properties":{"ac":"80","ASSEMBLY_1":"GARHWA","DISTRICT":"GARHWA","PARLIAMENT":"13","P_NAME":"PALAMU (SC)","STATE_UT":"CHHATTISGARH"},"arcs":[[64,-64,65,-7]]},{"type":"Polygon","properties":{"ac":"79","ASSEMBLY_1":"HUSSAINABAD","DISTRICT":"PALAMU","PARLIAMENT":"13","P_NAME":"PALAMU (SC)","STATE_UT":"CHHATTISGARH"},"arcs":[[66,67,68,69]]},{"type":"Polygon","properties":{"ac":"78","ASSEMBLY_1":"CHHATARPUR (SC)","DISTRICT":"PALAMU","PARLIAMENT":"13","P_NAME":"PALAMU (SC)","STATE_UT":"CHHATTISGARH"},"arcs":[[-68,70,71,72,73]]},{"type":"Polygon","properties":{"ac":"77","ASSEMBLY_1":"BISHRAMPUR","DISTRICT":"GARHWA","PARLIAMENT":"13","P_NAME":"PALAMU (SC)","STATE_UT":"CHHATTISGARH"},"arcs":[[-70,74,-62,75]]},{"type":"Polygon","properties":{"ac":"76","ASSEMBLY_1":"DALTONGANJ","DISTRICT":"PALAMU","PARLIAMENT":"13","P_NAME":"PALAMU (SC)","STATE_UT":"CHHATTISGARH"},"arcs":[[-74,76,-8,-66,-63,-75,-69]]},{"type":"Polygon","properties":{"ac":"75","ASSEMBLY_1":"PANKI","DISTRICT":"PALAMU","PARLIAMENT":"4","P_NAME":"CHATRA","STATE_UT":"CHHATTISGARH"},"arcs":[[77,78,79,80,-72,81]]},{"type":"Polygon","properties":{"ac":"74","ASSEMBLY_1":"LATEHAR (SC)","DISTRICT":"LATEHAR","PARLIAMENT":"4","P_NAME":"CHATRA","STATE_UT":"CHHATTISGARH"},"arcs":[[82,83,-80,84,85,86]]},{"type":"Polygon","properties":{"ac":"73","ASSEMBLY_1":"MANIKA (ST)","DISTRICT":"LATEHAR","PARLIAMENT":"4","P_NAME":"CHATRA","STATE_UT":"CHHATTISGARH"},"arcs":[[-9,-77,-73,-81,-84,87,88,89,90]]},{"type":"Polygon","properties":{"ac":"72","ASSEMBLY_1":"LOHARDAGA (ST)","DISTRICT":"LOHARDAGA","PARLIAMENT":"12","P_NAME":"LOHARDAGA","STATE_UT":"CHHATTISGARH"},"arcs":[[91,92,93,-88,-83]]},{"type":"Polygon","properties":{"ac":"71","ASSEMBLY_1":"KOLEBIRA (ST)","DISTRICT":"SIMDEGA","PARLIAMENT":"11","P_NAME":"KHUNTI (ST)","STATE_UT":"CHHATTISGARH"},"arcs":[[94,-11,95,-16,96]]},{"type":"Polygon","properties":{"ac":"70","ASSEMBLY_1":"SIMDEGA (ST)","DISTRICT":"SIMDEGA","PARLIAMENT":"11","P_NAME":"KHUNTI (ST)","STATE_UT":"CHHATTISGARH"},"arcs":[[-12,-95,97,98]]},{"type":"Polygon","properties":{"ac":"69","ASSEMBLY_1":"BISHUNPUR (ST)","DISTRICT":"GUMLA","PARLIAMENT":"12","P_NAME":"LOHARDAGA","STATE_UT":"CHHATTISGARH"},"arcs":[[-94,99,-14,100,-89]]},{"type":"Polygon","properties":{"ac":"68","ASSEMBLY_1":"GUMLA (ST)","DISTRICT":"GUMLA","PARLIAMENT":"12","P_NAME":"LOHARDAGA","STATE_UT":"CHHATTISGARH"},"arcs":[[101,-90,-101,-13,-99]]},{"type":"Polygon","properties":{"ac":"67","ASSEMBLY_1":"SISAI (ST)","DISTRICT":"GUMLA","PARLIAMENT":"12","P_NAME":"LOHARDAGA","STATE_UT":"CHHATTISGARH"},"arcs":[[102,-17,-96,-10,-100,-93,103]]},{"type":"Polygon","properties":{"ac":"66","ASSEMBLY_1":"MANDAR (ST)","DISTRICT":"RANCHI","PARLIAMENT":"12","P_NAME":"LOHARDAGA","STATE_UT":"CHHATTISGARH"},"arcs":[[-92,-87,104,105,106,107,-104]]},{"type":"Polygon","properties":{"ac":"65","ASSEMBLY_1":"KANKE (SC)","DISTRICT":"RANCHI","PARLIAMENT":"8","P_NAME":"RANCHI","STATE_UT":"CHHATTISGARH"},"arcs":[[108,109,-105,-86,110,111,112]]},{"type":"Polygon","properties":{"ac":"64","ASSEMBLY_1":"HATIA","DISTRICT":"RANCHI","PARLIAMENT":"8","P_NAME":"RANCHI","STATE_UT":"CHHATTISGARH"},"arcs":[[113,114,-106,-110,115]]},{"type":"Polygon","properties":{"ac":"63","ASSEMBLY_1":"RANCHI","DISTRICT":"RANCHI","PARLIAMENT":"8","P_NAME":"RANCHI","STATE_UT":"CHHATTISGARH"},"arcs":[[-109,116,-116]]},{"type":"Polygon","properties":{"ac":"62","ASSEMBLY_1":"KHIJRI (ST)","DISTRICT":"RANCHI","PARLIAMENT":"8","P_NAME":"RANCHI","STATE_UT":"CHHATTISGARH"},"arcs":[[-113,117,118,119,120,121,-114,-117]]},{"type":"Polygon","properties":{"ac":"61","ASSEMBLY_1":"SILLI","DISTRICT":"RANCHI","PARLIAMENT":"8","P_NAME":"RANCHI","STATE_UT":"CHHATTISGARH"},"arcs":[[122,123,-120,124,125]]},{"type":"Polygon","properties":{"ac":"60","ASSEMBLY_1":"KHUNTI (ST)","DISTRICT":"RANCHI","PARLIAMENT":"11","P_NAME":"KHUNTI (ST)","STATE_UT":"CHHATTISGARH"},"arcs":[[126,127,128,-107,-115,-122]]},{"type":"Polygon","properties":{"ac":"59","ASSEMBLY_1":"TORPA (ST)","DISTRICT":"RANCHI","PARLIAMENT":"11","P_NAME":"KHUNTI (ST)","STATE_UT":"CHHATTISGARH"},"arcs":[[-103,-108,-129,129,-18]]},{"type":"Polygon","properties":{"ac":"58","ASSEMBLY_1":"TAMAR (ST)","DISTRICT":"RANCHI","PARLIAMENT":"11","P_NAME":"KHUNTI (ST)","STATE_UT":"CHHATTISGARH"},"arcs":[[-127,-121,-124,130,131,132]]},{"type":"Polygon","properties":{"ac":"57","ASSEMBLY_1":"KHARSAWAN (ST)","DISTRICT":"SARAIKELA","PARLIAMENT":"11","P_NAME":"KHUNTI (ST)","STATE_UT":"CHHATTISGARH"},"arcs":[[133,-22,134,-132,135]]},{"type":"Polygon","properties":{"ac":"56","ASSEMBLY_1":"CHAKRADHARPUR (ST)","DISTRICT":"PACHIM SINGHBHUM","PARLIAMENT":"10","P_NAME":"SINGHBHUM ( S T )","STATE_UT":"CHHATTISGARH"},"arcs":[[-135,-21,136,137,138,-19,-130,-128,-133]]},{"type":"Polygon","properties":{"ac":"55","ASSEMBLY_1":"MANOHARPUR (ST)","DISTRICT":"PACHIM SINGHBHUM","PARLIAMENT":"10","P_NAME":"SINGHBHUM ( S T )","STATE_UT":"CHHATTISGARH"},"arcs":[[-139,139,140,-20]]},{"type":"Polygon","properties":{"ac":"54","ASSEMBLY_1":"JAGANATHPUR (ST)","DISTRICT":"PACHIM SINGHBHUM","PARLIAMENT":"10","P_NAME":"SINGHBHUM ( S T )","STATE_UT":"CHHATTISGARH"},"arcs":[[141,142,-140,-138,143]]},{"type":"Polygon","properties":{"ac":"53","ASSEMBLY_1":"MAJHGAON (ST)","DISTRICT":"PACHIM SINGHBHUM","PARLIAMENT":"10","P_NAME":"SINGHBHUM ( S T )","STATE_UT":"CHHATTISGARH"},"arcs":[[144,145,146,-142]]},{"type":"Polygon","properties":{"ac":"52","ASSEMBLY_1":"CHAIBASA (ST)","DISTRICT":"PACHIM SINGHBHUM","PARLIAMENT":"10","P_NAME":"SINGHBHUM ( S T )","STATE_UT":"CHHATTISGARH"},"arcs":[[-144,-137,-24,147,-145]]},{"type":"Polygon","properties":{"ac":"51","ASSEMBLY_1":"SERAIKELLA (ST)","DISTRICT":"SARAIKELA","PARLIAMENT":"10","P_NAME":"SINGHBHUM ( S T )","STATE_UT":"CHHATTISGARH"},"arcs":[[148,-146,-148,-23,-134,149,150,151]]},{"type":"Polygon","properties":{"ac":"50","ASSEMBLY_1":"ICHAGARH","DISTRICT":"SARAIKELA","PARLIAMENT":"8","P_NAME":"RANCHI","STATE_UT":"CHHATTISGARH"},"arcs":[[152,153,154,155,-150,-136,-131,-123]]},{"type":"Polygon","properties":{"ac":"49","ASSEMBLY_1":"JAMSHEDPUR WEST","DISTRICT":"SARAIKELA","PARLIAMENT":"8","P_NAME":"RANCHI","STATE_UT":"CHHATTISGARH"},"arcs":[[156,157,-151,-156,158]]},{"type":"Polygon","properties":{"ac":"48","ASSEMBLY_1":"JAMSEHDPUR EAST","DISTRICT":"SARAIKELA","PARLIAMENT":"8","P_NAME":"RANCHI","STATE_UT":"CHHATTISGARH"},"arcs":[[-159,-155,159]]},{"type":"Polygon","properties":{"ac":"47","ASSEMBLY_1":"JUGSALAI (SC)","DISTRICT":"PURBI SINGHBHUM","PARLIAMENT":"9","P_NAME":"JAMSHEDPUR","STATE_UT":"CHHATTISGARH"},"arcs":[[160,161,-157,-160,-154,162]]},{"type":"Polygon","properties":{"ac":"46","ASSEMBLY_1":"POTKA (ST)","DISTRICT":"PURBI SINGHBHUM","PARLIAMENT":"9","P_NAME":"JAMSHEDPUR","STATE_UT":"CHHATTISGARH"},"arcs":[[-158,-162,163,164,-152]]},{"type":"Polygon","properties":{"ac":"45","ASSEMBLY_1":"GHATSILA (ST)","DISTRICT":"PURBI SINGHBHUM","PARLIAMENT":"9","P_NAME":"JAMSHEDPUR","STATE_UT":"CHHATTISGARH"},"arcs":[[165,166,-164,-161,167]]},{"type":"Polygon","properties":{"ac":"44","ASSEMBLY_1":"BAHARAGORA","DISTRICT":"PURBI SINGHBHUM","PARLIAMENT":"9","P_NAME":"JAMSHEDPUR","STATE_UT":"CHHATTISGARH"},"arcs":[[-166,168]]},{"type":"Polygon","properties":{"ac":"43","ASSEMBLY_1":"BAGHMARA","DISTRICT":"DHANBAD","PARLIAMENT":"6","P_NAME":"GIRIDIH","STATE_UT":"CHHATTISGARH"},"arcs":[[169,170,171,172,-27,173]]},{"type":"Polygon","properties":{"ac":"42","ASSEMBLY_1":"TUNDI","DISTRICT":"DHANBAD","PARLIAMENT":"6","P_NAME":"GIRIDIH","STATE_UT":"CHHATTISGARH"},"arcs":[[174,175,176,177,-174,-26,178,179,180]]},{"type":"Polygon","properties":{"ac":"41","ASSEMBLY_1":"JHARIA","DISTRICT":"DHANBAD","PARLIAMENT":"7","P_NAME":"DHANBAD","STATE_UT":"CHHATTISGARH"},"arcs":[[181,182,183,184]]},{"type":"Polygon","properties":{"ac":"40","ASSEMBLY_1":"DHANBAD","DISTRICT":"DHANBAD","PARLIAMENT":"7","P_NAME":"DHANBAD","STATE_UT":"CHHATTISGARH"},"arcs":[[-183,185,-170,-178,186]]},{"type":"Polygon","properties":{"ac":"39","ASSEMBLY_1":"NIRSA","DISTRICT":"DHANBAD","PARLIAMENT":"7","P_NAME":"DHANBAD","STATE_UT":"CHHATTISGARH"},"arcs":[[-176,187,188,189]]},{"type":"Polygon","properties":{"ac":"38","ASSEMBLY_1":"SINDRI","DISTRICT":"DHANBAD","PARLIAMENT":"7","P_NAME":"DHANBAD","STATE_UT":"CHHATTISGARH"},"arcs":[[-184,-187,-177,-190,190]]},{"type":"Polygon","properties":{"ac":"37","ASSEMBLY_1":"CHANDANKIYARI (SC)","DISTRICT":"BOKARO","PARLIAMENT":"7","P_NAME":"DHANBAD","STATE_UT":"CHHATTISGARH"},"arcs":[[191,192,-171,-186,-182]]},{"type":"Polygon","properties":{"ac":"36","ASSEMBLY_1":"BOKARO","DISTRICT":"BOKARO","PARLIAMENT":"7","P_NAME":"DHANBAD","STATE_UT":"CHHATTISGARH"},"arcs":[[193,-172,-193,194]]},{"type":"Polygon","properties":{"ac":"35","ASSEMBLY_1":"BERMO","DISTRICT":"BOKARO","PARLIAMENT":"6","P_NAME":"GIRIDIH","STATE_UT":"CHHATTISGARH"},"arcs":[[-28,-173,-194,195,196]]},{"type":"Polygon","properties":{"ac":"34","ASSEMBLY_1":"GOMIA","DISTRICT":"BOKARO","PARLIAMENT":"6","P_NAME":"GIRIDIH","STATE_UT":"CHHATTISGARH"},"arcs":[[-197,197,198,199]]},{"type":"Polygon","properties":{"ac":"33","ASSEMBLY_1":"DUMRI","DISTRICT":"GIRIDIH","PARLIAMENT":"6","P_NAME":"GIRIDIH","STATE_UT":"CHHATTISGARH"},"arcs":[[-25,200,201,202,-179]]},{"type":"Polygon","properties":{"ac":"32","ASSEMBLY_1":"GIRIDIH","DISTRICT":"GIRIDIH","PARLIAMENT":"6","P_NAME":"GIRIDIH","STATE_UT":"CHHATTISGARH"},"arcs":[[203,-180,-203,204,205]]},{"type":"Polygon","properties":{"ac":"31","ASSEMBLY_1":"GANDEY","DISTRICT":"GIRIDIH","PARLIAMENT":"5","P_NAME":"KODARMA","STATE_UT":"CHHATTISGARH"},"arcs":[[206,-181,-204,207,208,209]]},{"type":"Polygon","properties":{"ac":"30","ASSEMBLY_1":"JAMUA (SC)","DISTRICT":"GIRIDIH","PARLIAMENT":"5","P_NAME":"KODARMA","STATE_UT":"CHHATTISGARH"},"arcs":[[210,-208,-206,211,212]]},{"type":"Polygon","properties":{"ac":"29","ASSEMBLY_1":"BAGODAR","DISTRICT":"GIRIDIH","PARLIAMENT":"5","P_NAME":"KODARMA","STATE_UT":"CHHATTISGARH"},"arcs":[[213,-212,-205,-202,214,215,216]]},{"type":"Polygon","properties":{"ac":"28","ASSEMBLY_1":"DHANWAR","DISTRICT":"GIRIDIH","PARLIAMENT":"5","P_NAME":"KODARMA","STATE_UT":"CHHATTISGARH"},"arcs":[[-213,-214,217,218]]},{"type":"Polygon","properties":{"ac":"27","ASSEMBLY_1":"CHATRA (SC)","DISTRICT":"CHATRA","PARLIAMENT":"4","P_NAME":"CHATRA","STATE_UT":"CHHATTISGARH"},"arcs":[[219,220,-78,221]]},{"type":"Polygon","properties":{"ac":"26","ASSEMBLY_1":"SIMARIA (SC)","DISTRICT":"CHATRA","PARLIAMENT":"4","P_NAME":"CHATRA","STATE_UT":"CHHATTISGARH"},"arcs":[[-111,-85,-79,-221,222,223,224]]},{"type":"Polygon","properties":{"ac":"25","ASSEMBLY_1":"HAZARIBAGH","DISTRICT":"HAZARIBAG","PARLIAMENT":"14","P_NAME":"HAZARIBAG","STATE_UT":"CHHATTISGARH"},"arcs":[[225,-224,226,227,228]]},{"type":"Polygon","properties":{"ac":"24","ASSEMBLY_1":"MANDU","DISTRICT":"HAZARIBAG","PARLIAMENT":"14","P_NAME":"HAZARIBAG","STATE_UT":"CHHATTISGARH"},"arcs":[[-29,-200,229,230,-229,231,-215,-201]]},{"type":"Polygon","properties":{"ac":"23","ASSEMBLY_1":"RAMGARH","DISTRICT":"HAZARIBAG","PARLIAMENT":"14","P_NAME":"HAZARIBAG","STATE_UT":"CHHATTISGARH"},"arcs":[[-125,-119,232,-230,-199,233]]},{"type":"Polygon","properties":{"ac":"22","ASSEMBLY_1":"BARKAGAON","DISTRICT":"HAZARIBAG","PARLIAMENT":"14","P_NAME":"HAZARIBAG","STATE_UT":"CHHATTISGARH"},"arcs":[[-226,-231,-233,-118,-112,-225]]},{"type":"Polygon","properties":{"ac":"21","ASSEMBLY_1":"BARHI","DISTRICT":"HAZARIBAG","PARLIAMENT":"14","P_NAME":"HAZARIBAG","STATE_UT":"CHHATTISGARH"},"arcs":[[234,235,-34,-32,236,-227,-223,-220]]},{"type":"Polygon","properties":{"ac":"20","ASSEMBLY_1":"BARKATHA","DISTRICT":"HAZARIBAG","PARLIAMENT":"5","P_NAME":"KODARMA","STATE_UT":"CHHATTISGARH"},"arcs":[[-237,-31,237,-216,-232,-228]]},{"type":"Polygon","properties":{"ac":"19","ASSEMBLY_1":"KODARMA","DISTRICT":"KODARMA","PARLIAMENT":"5","P_NAME":"KODARMA","STATE_UT":"CHHATTISGARH"},"arcs":[[-238,-30,-35,-236,238,-218,-217]]},{"type":"Polygon","properties":{"ac":"18","ASSEMBLY_1":"MAHAGAMA","DISTRICT":"GODDA","PARLIAMENT":"3","P_NAME":"GODDA","STATE_UT":"CHHATTISGARH"},"arcs":[[-56,239,240]]},{"type":"Polygon","properties":{"ac":"17","ASSEMBLY_1":"GODDA","DISTRICT":"GODDA","PARLIAMENT":"3","P_NAME":"GODDA","STATE_UT":"CHHATTISGARH"},"arcs":[[241,242,-240,-60,243]]},{"type":"Polygon","properties":{"ac":"16","ASSEMBLY_1":"POREYAHAT","DISTRICT":"GODDA","PARLIAMENT":"3","P_NAME":"GODDA","STATE_UT":"CHHATTISGARH"},"arcs":[[244,-242,245,246,-36]]},{"type":"Polygon","properties":{"ac":"15","ASSEMBLY_1":"DEOGARH (SC)","DISTRICT":"DEVGHAR","PARLIAMENT":"3","P_NAME":"GODDA","STATE_UT":"CHHATTISGARH"},"arcs":[[247,-39,248,-44,249]]},{"type":"Polygon","properties":{"ac":"14","ASSEMBLY_1":"SARATH","DISTRICT":"DEVGHAR","PARLIAMENT":"2","P_NAME":"DUMKA (2)","STATE_UT":"CHHATTISGARH"},"arcs":[[250,-46,251,252,-42,253,254]]},{"type":"Polygon","properties":{"ac":"13","ASSEMBLY_1":"MADHUPUR","DISTRICT":"DEVGHAR","PARLIAMENT":"3","P_NAME":"GODDA","STATE_UT":"CHHATTISGARH"},"arcs":[[-43,-253,255,-210,256,-250]]},{"type":"Polygon","properties":{"ac":"12","ASSEMBLY_1":"JARMUNDI","DISTRICT":"DUMKA","PARLIAMENT":"3","P_NAME":"GODDA","STATE_UT":"CHHATTISGARH"},"arcs":[[257,-41,-249,-38]]},{"type":"Polygon","properties":{"ac":"11","ASSEMBLY_1":"JAMA (ST)","DISTRICT":"DUMKA","PARLIAMENT":"2","P_NAME":"DUMKA (2)","STATE_UT":"CHHATTISGARH"},"arcs":[[-254,-258,-37,-247,258,-1,259,260]]},{"type":"Polygon","properties":{"ac":"10","ASSEMBLY_1":"DUMKA (ST)","DISTRICT":"DUMKA","PARLIAMENT":"2","P_NAME":"DUMKA (2)","STATE_UT":"CHHATTISGARH"},"arcs":[[-255,-261,261,262,263]]},{"type":"Polygon","properties":{"ac":"9","ASSEMBLY_1":"JAMTARA","DISTRICT":"JAMTARA","PARLIAMENT":"2","P_NAME":"DUMKA (2)","STATE_UT":"CHHATTISGARH"},"arcs":[[-207,-256,-252,-45,264,265,-188,-175]]},{"type":"Polygon","properties":{"ac":"8","ASSEMBLY_1":"NALA","DISTRICT":"JAMTARA","PARLIAMENT":"2","P_NAME":"DUMKA (2)","STATE_UT":"CHHATTISGARH"},"arcs":[[-264,266,-265,-47,-251]]},{"type":"Polygon","properties":{"ac":"7","ASSEMBLY_1":"SIKARIPARA (ST)","DISTRICT":"DUMKA","PARLIAMENT":"2","P_NAME":"DUMKA (2)","STATE_UT":"CHHATTISGARH"},"arcs":[[267,-262,-260,-5,268]]},{"type":"Polygon","properties":{"ac":"6","ASSEMBLY_1":"MAHESHPUR (ST)","DISTRICT":"PAKUR","PARLIAMENT":"1","P_NAME":"RAJMAHAL (ST)","STATE_UT":"CHHATTISGARH"},"arcs":[[-269,-4,269,270,271]]},{"type":"Polygon","properties":{"ac":"5","ASSEMBLY_1":"PAKAUR","DISTRICT":"PAKUR","PARLIAMENT":"1","P_NAME":"RAJMAHAL (ST)","STATE_UT":"CHHATTISGARH"},"arcs":[[272,-54,273,-271]]},{"type":"Polygon","properties":{"ac":"4","ASSEMBLY_1":"LITIPARA (ST)","DISTRICT":"PAKUR","PARLIAMENT":"1","P_NAME":"RAJMAHAL (ST)","STATE_UT":"CHHATTISGARH"},"arcs":[[-49,-55,-273,-270,-3,274]]},{"type":"Polygon","properties":{"ac":"3","ASSEMBLY_1":"BARHAIT (ST)","DISTRICT":"GODDA","PARLIAMENT":"1","P_NAME":"RAJMAHAL (ST)","STATE_UT":"CHHATTISGARH"},"arcs":[[275,-50,-275,-2,-259,-246,-244,-59]]},{"type":"Polygon","properties":{"ac":"2","ASSEMBLY_1":"BORIO (ST)","DISTRICT":"SAHIBGANJ","PARLIAMENT":"1","P_NAME":"RAJMAHAL (ST)","STATE_UT":"CHHATTISGARH"},"arcs":[[276,-51,-276,-58,277]]},{"type":"Polygon","properties":{"ac":"1","ASSEMBLY_1":"RAJMAHAL","DISTRICT":"SAHIBGANJ","PARLIAMENT":"1","P_NAME":"RAJMAHAL (ST)","STATE_UT":"CHHATTISGARH"},"arcs":[[-277,278,-52]]}]}},"arcs":[[[8704,7406],[20,99]],[[8724,7505],[52,6]],[[8776,7511],[169,66],[114,-63],[60,41]],[[9119,7555],[23,-418],[34,-163]],[[9176,6974],[-106,47],[-157,233],[-31,218],[-178,-66]],[[1468,4934],[-137,-31],[-4,-177],[-346,108],[-58,81],[9,66],[-82,100],[37,66],[-8,81]],[[879,5228],[94,13],[56,92],[122,136],[115,25],[55,152]],[[1321,5646],[71,-36],[52,-130],[53,-55]],[[1497,5425],[-73,-191],[142,-128],[-5,-66],[-93,-106]],[[3020,2969],[72,-166],[10,-103],[-16,-257]],[[3086,2443],[-38,18],[-16,-110],[-61,-67],[-193,-36],[-30,-52]],[[2748,2196],[-73,49],[-20,186],[-102,12],[4,77],[-65,33]],[[2492,2553],[41,111],[96,89],[46,6],[-19,152],[99,75],[34,-9]],[[2789,2977],[68,-22],[163,14]],[[3776,1506],[-236,-117],[-1,40]],[[3539,1429],[10,72],[-33,215],[-84,164],[-62,236],[-57,102]],[[3313,2218],[-17,147],[78,-81],[106,145],[53,-47],[45,30]],[[3578,2412],[63,-8],[111,-142],[-29,-180],[36,-33],[-20,-86],[61,-191]],[[3800,1772],[-16,-75]],[[3784,1697],[17,-83],[-25,-108]],[[5092,1990],[46,65],[3,88]],[[5141,2143],[49,-30],[106,39],[45,55],[102,-25],[20,44]],[[5463,2226],[25,-36],[6,-269]],[[5494,1921],[-113,0],[-117,-71],[-90,36],[-82,104]],[[5588,5885],[25,-89],[33,19],[23,-94],[131,31],[166,-65],[53,14]],[[6019,5701],[61,-193],[35,0]],[[6115,5508],[13,-128]],[[6128,5380],[-170,-74],[-187,107],[-158,3],[-199,94]],[[5414,5510],[56,62],[57,182],[-4,122],[65,9]],[[4645,7328],[244,-154],[191,60],[80,-102],[76,-51],[24,-96],[-17,-105]],[[5243,6880],[-41,-45],[-64,45],[-54,-14],[-49,93],[-82,26]],[[4953,6985],[-51,39],[-220,-59]],[[4682,6965],[-1,175],[-36,188]],[[4682,6965],[-66,286],[13,149],[-66,62],[-14,122]],[[4549,7584],[77,-150],[19,-106]],[[8006,7860],[89,39]],[[8095,7899],[-41,-58],[14,-75],[117,-97],[12,-47],[-61,-33]],[[8136,7589],[-74,-33],[-85,-102],[-109,71],[-154,3]],[[7714,7528],[7,81]],[[7721,7609],[-31,141],[68,166],[174,-108],[74,52]],[[7656,7279],[62,-56],[60,31],[-36,-78],[28,-99],[57,-15],[-1,-110],[54,-33]],[[7880,6919],[-69,-36],[-208,-9],[-49,31],[-85,-109],[-36,70],[-61,6]],[[7372,6872],[-9,62],[-92,106],[72,128]],[[7343,7168],[69,83],[146,-41],[98,69]],[[7571,6134],[-175,-70],[-106,28],[-4,92],[-47,103],[15,71]],[[7254,6358],[134,-55],[24,-78],[86,51],[77,-97]],[[7575,6179],[-4,-45]],[[9590,8678],[-78,-194],[-14,-191]],[[9498,8293],[-39,3],[-20,-108],[-232,129],[-41,59],[50,14],[-154,69],[-13,-69],[-55,-19]],[[8994,8371],[-53,61],[-20,124],[-51,100],[42,260]],[[8912,8916],[159,-53],[63,62],[83,-11],[20,-158],[53,-62],[51,81],[53,-2],[91,-114],[105,19]],[[9590,8678],[99,-84],[89,-40],[3,38],[139,-3]],[[9920,8589],[-102,-50],[-4,-97],[-44,-135],[-63,-33],[4,74],[-51,-102],[40,-23]],[[9700,8223],[-86,-85]],[[9614,8138],[-32,99],[-84,56]],[[8577,8850],[15,133],[-13,279],[33,87],[56,8],[153,-89],[66,100],[-31,163]],[[8856,9531],[23,-2]],[[8879,9529],[65,-164],[-46,-88],[107,-141],[-115,-198]],[[8890,8938],[-48,-10],[-60,-120],[-64,-30],[-139,20]],[[8579,8798],[-2,52]],[[399,6101],[-133,50],[-49,122],[-90,47],[-127,5],[54,75],[60,221],[-4,103],[51,92],[-58,141],[102,75],[57,78],[-48,116],[-62,14],[0,86],[-41,53],[21,137],[243,81],[191,-41],[168,11],[136,-12]],[[870,7555],[-40,-202],[-64,-17],[-17,-122],[-77,-76],[3,-123],[82,-92],[95,-194],[38,-2],[80,161],[55,27]],[[1025,6915],[65,-119]],[[1090,6796],[-117,-149],[-21,-92],[-122,-14],[-11,-77],[75,-56],[58,-97],[-53,-63],[-142,8],[-15,127],[-110,87],[-22,157],[-105,-105],[-49,-152],[-57,-269]],[[879,5228],[-76,265],[-49,-2],[-50,83],[-105,16],[-93,47],[-41,189],[-58,100],[-8,175]],[[1090,6796],[44,-85],[112,-136],[140,-114],[8,-111],[-43,2],[-172,-88],[-98,-172],[13,-83],[-28,-78],[49,-19],[81,103],[46,-119],[61,-67],[-35,-56],[53,-127]],[[1082,7642],[155,28],[106,141],[52,119],[110,-75],[1,-69],[97,-166],[4,-89],[51,-69],[62,69],[-12,75],[98,-59],[-21,111],[57,28],[114,-77],[90,102],[67,-131],[9,-97],[-60,-27],[2,-89],[58,-66]],[[2122,7301],[-70,-14],[-97,81],[-41,-25],[-99,19],[-160,-5],[-90,40],[-47,-113],[12,-102]],[[1530,7182],[-107,-39],[-112,53],[-221,19],[-24,19]],[[1066,7234],[13,73],[-20,152],[23,183]],[[2122,7301],[40,-100],[102,-19],[89,-90],[24,-79]],[[2377,7013],[-56,-111],[-117,-100],[-29,-255],[-40,-84],[-101,-58],[-57,-82],[-188,-54],[44,-174],[90,9],[58,-151],[11,-93],[83,-86]],[[2075,5774],[-110,-50],[23,77],[-82,-55],[-44,59],[-93,38]],[[1769,5843],[-11,77],[-65,144],[-98,150],[-2,145],[-55,107],[0,73],[201,172],[-46,160],[-106,42],[-43,99],[21,112],[-35,58]],[[1066,7234],[-56,-69],[15,-250]],[[870,7555],[99,61],[113,26]],[[1769,5843],[-29,-114],[-51,-19],[-55,-97],[-40,-11],[-73,-200],[-24,23]],[[2511,6877],[-26,-69],[-67,11],[-27,-70],[62,-45],[35,-82],[86,-30],[53,-114],[61,-34],[-54,-114],[45,-99]],[[2679,6231],[-45,-61],[3,-100],[69,-88]],[[2706,5982],[-28,-158],[-87,-6],[-14,-91],[-62,-20]],[[2515,5707],[-59,70],[-3,111],[-115,-25],[-29,-37],[-126,53],[-20,-122],[-88,17]],[[2377,7013],[46,18],[25,-91],[63,-63]],[[3366,4707],[-69,-72],[-69,32],[0,62],[-60,30],[-4,-89],[-65,164],[-76,114],[-16,-61],[-85,-42],[-81,184],[-117,-1],[-12,-136],[-40,-16],[-59,160]],[[2613,5036],[-8,78],[-134,100],[25,69],[-54,63],[-91,-5],[12,64],[169,147],[34,103],[-51,52]],[[2706,5982],[99,-15],[33,70],[63,-2],[71,102],[73,27],[60,-118],[-23,-123],[100,9],[42,39],[139,-120],[73,22],[27,-47],[33,-179],[-44,-48],[40,-47],[-4,-117],[-78,-10],[-12,-72],[53,-22],[24,-115],[56,-46]],[[3531,5170],[-63,-67],[-33,-114],[50,-49],[4,-106]],[[3489,4834],[-18,-149],[-49,-22],[-8,107],[-48,-63]],[[2613,5036],[-64,23],[-73,-42],[-25,-100],[-146,30],[8,-99]],[[2313,4848],[-86,13],[-87,-90],[19,-250],[-73,-6],[-87,-122],[19,-218],[-34,-87],[-101,-71]],[[1883,4017],[-170,75],[-89,-58]],[[1624,4034],[-50,124],[-57,11],[-31,-66],[-67,35],[-16,84],[24,99],[-23,87],[85,130],[32,197],[-11,102],[-42,97]],[[3366,4707],[129,-169],[-125,-283],[-4,-89],[43,-33],[-14,-131]],[[3395,4002],[-98,-13],[-29,-55],[-106,-51],[-5,123],[-112,30],[-52,-58],[-78,25],[-34,-33],[-110,22]],[[2771,3992],[-100,94],[-52,0],[-54,106],[-28,-93],[-45,23],[-36,141],[-86,56],[110,182],[-29,153],[17,108],[-155,86]],[[1817,1275],[158,272],[77,42],[54,130],[99,97],[230,-11],[164,55],[165,-52],[8,83],[42,42],[-5,71],[-61,192]],[[3086,2443],[68,-14],[26,-58],[-9,-147],[55,-39],[19,113],[68,-80]],[[3539,1429],[-96,-98],[-60,-6],[-5,75],[-89,-46],[-75,49],[-104,-5],[-20,-81],[-176,-2],[-64,43],[-281,-40],[-47,-84],[-114,-67],[-1,-47],[-117,1],[-177,-36],[-93,108],[-113,-6],[-90,88]],[[1817,1275],[-36,57],[3,140],[-126,64],[-63,70],[-102,24],[4,145],[93,74],[69,127],[150,-7],[175,161],[-15,138],[63,83],[71,25]],[[2103,2376],[171,-59],[61,62],[23,-31],[82,145],[2,65],[50,-5]],[[2771,3992],[-18,-108],[93,-122],[33,-80],[-50,-197],[16,-92],[62,-31],[133,-207],[1,-148],[-21,-38]],[[2789,2977],[40,258],[-48,153],[-215,-44],[-175,104],[-25,258],[-61,25],[-85,-74],[-97,39],[-42,140],[-104,25],[-94,156]],[[2103,2376],[48,83],[21,150],[108,44],[40,222],[-42,107],[-82,12],[-115,-53],[-16,81],[-44,-51],[-73,15],[-60,139],[-29,-9],[-17,-147],[-42,-20],[-52,198],[2,161],[-83,72],[-45,-6],[-82,138],[57,127],[-14,131],[41,264]],[[3504,3071],[-3,-99],[153,-78],[-7,-102],[-34,35],[-29,-82],[46,-172],[9,-106],[-61,-55]],[[3395,4002],[61,-33],[-50,-71],[25,-122],[81,-47],[-65,-178],[-56,3],[-17,-86],[19,-124],[-52,-3],[15,-89],[58,-36],[90,-145]],[[3489,4834],[68,-58],[24,78],[45,-9],[41,120],[33,-64],[6,-213],[95,13],[36,-86],[72,8],[6,-127],[64,6]],[[3979,4502],[0,-108],[-48,-150],[16,-360]],[[3947,3884],[-22,-67],[-112,-44],[-105,-188],[36,-53],[-8,-120]],[[3736,3412],[-62,-22],[20,-71],[-60,-3],[-30,-158],[-100,-87]],[[4341,4131],[-22,94],[-65,39],[-59,-42],[7,-92]],[[4202,4130],[-137,20],[-26,53],[27,199],[-41,86],[-46,14]],[[3531,5170],[73,-97],[83,25],[48,58]],[[3735,5156],[42,-119],[190,-8],[49,129],[81,-33],[-45,-194],[61,-44],[78,-114],[90,-24]],[[4281,4749],[-4,-103],[63,-92],[139,-136],[21,-121],[-65,-111],[-94,-55]],[[4315,4125],[-6,-105],[-37,-36],[-117,-9],[-58,-136]],[[4097,3839],[-150,45]],[[4202,4130],[113,-5]],[[4341,4131],[-26,-6]],[[4281,4749],[56,-37],[119,6],[133,-37],[77,40]],[[4666,4721],[48,-64],[-12,86],[41,14],[-8,-95],[66,-16],[43,-69],[147,-144],[78,-45]],[[5069,4388],[4,-120],[-58,-107],[-127,33],[-6,-53],[-77,-52],[-53,-281]],[[4752,3808],[-41,-72],[-69,-32],[-13,-120],[-89,-20]],[[4540,3564],[-54,51],[-88,-22],[-33,66],[-36,-80],[-65,44],[-33,100],[-130,-53],[32,61],[-36,108]],[[5548,3507],[-48,-26],[-155,-266]],[[5345,3215],[-57,61],[-14,126],[-39,74],[-117,-3],[-55,47],[-136,206],[-175,82]],[[5069,4388],[102,-27],[60,47],[158,-15],[49,-94],[45,26]],[[5483,4325],[77,-150],[-64,-36],[12,-103],[-21,-80],[-75,-120],[19,-210],[48,8],[69,-127]],[[4540,3564],[52,-201],[99,-90],[27,-126],[-85,-59],[-77,-139],[-80,-68],[-58,24],[-20,-77],[58,-61],[-65,-78]],[[4391,2689],[-99,14],[-60,-38],[-70,-106],[-45,9],[-66,-59]],[[4051,2509],[5,102],[57,128],[3,113],[-65,15],[17,80],[-52,39],[20,86],[-86,130],[-153,-31],[16,125],[-77,116]],[[4051,2509],[-64,50],[-60,-169],[6,-119],[-28,-6],[-30,-232],[-41,-23],[-41,-108],[43,-55],[-36,-75]],[[5345,3215],[59,-177],[46,-28],[12,-125],[45,-36],[-33,-144]],[[5474,2705],[-48,62],[-75,16],[-84,69],[-126,31],[-111,-20],[-67,-61],[-33,56],[-56,-88],[49,-31],[-50,-88],[-44,44],[-62,-50],[-29,-164]],[[4738,2481],[-128,-20],[-54,100],[-92,17],[-9,72],[-64,39]],[[5553,2645],[36,-25],[142,-8],[39,-78],[104,-64],[2,-66],[69,-84],[-81,-174],[-86,8],[-76,120],[-126,24],[-113,-72]],[[5141,2143],[-45,100],[61,39],[-32,138],[12,56],[-115,125],[-59,-4],[-25,-66],[-89,20],[-111,-70]],[[5474,2705],[79,-60]],[[5092,1990],[-215,-257],[-12,-84],[-114,-66]],[[4751,1583],[-68,-27],[-248,-183],[-53,-147]],[[4382,1226],[-37,161],[-50,83],[-14,119],[-120,147],[-202,41],[-175,-80]],[[4382,1226],[-48,-172],[-74,-55],[-21,-169],[-161,-189],[-37,-136],[-38,-33],[52,-244]],[[4055,228],[-113,59],[-48,-20],[-45,78],[-122,33],[-118,-94],[-16,36],[91,61],[7,138],[97,238],[4,128],[94,55],[0,72],[-61,9],[16,72],[-41,24],[21,89],[-57,200],[12,100]],[[5207,689],[-37,-253],[93,-111]],[[5263,325],[-64,-61],[-87,-28],[-81,120],[-116,-47],[-229,116],[-166,108],[-102,-8],[-8,-97],[-77,13],[-102,-129],[-69,-192],[-57,-6],[-1,75],[-49,39]],[[4751,1583],[21,-118],[97,-34],[-12,-136],[44,-150],[101,-251],[136,-95],[69,-110]],[[5207,689],[142,15],[60,90],[-43,136],[-66,8],[-28,89],[35,138],[101,53],[62,227],[90,188]],[[5560,1633],[61,-80],[81,-55]],[[5702,1498],[-16,-70],[81,-108],[33,6],[24,-153],[-57,-102],[61,-23],[-4,-69],[-98,-175],[126,-166],[-68,-155],[18,-55],[-126,-275],[-65,-41],[-39,-78],[-236,0],[-62,86],[49,81],[17,119],[93,0],[-64,99],[-106,-94]],[[5494,1921],[90,-55],[-69,-135],[62,-43],[-17,-55]],[[5921,1708],[-49,47],[-24,-89],[-101,-74],[-45,-94]],[[5553,2645],[176,22],[132,69],[145,-3],[70,-41],[-8,-125],[52,-13]],[[6120,2554],[-23,-109],[52,-11],[-3,-91]],[[6146,2343],[-26,-45],[12,-215],[-17,-120],[-194,-255]],[[5548,3507],[56,-67],[144,50],[119,-8],[15,-94],[202,-92],[-7,-53],[89,-149],[55,8],[25,-70],[46,4]],[[6292,3036],[-4,-70],[-86,-11],[-20,-63],[12,-145],[56,-25],[-43,-85]],[[6207,2637],[-6,-130]],[[6201,2507],[-81,47]],[[6209,2367],[-13,-46]],[[6196,2321],[-50,22]],[[6201,2507],[-31,-95],[39,-45]],[[6207,2637],[69,-92],[-67,-178]],[[6734,2348],[-81,-107],[-123,-1]],[[6530,2240],[-138,-11],[-125,-102],[-65,47],[-6,147]],[[6292,3036],[142,57],[25,-52],[148,-13],[26,-48],[51,61],[100,-30],[73,14],[32,-70],[60,62],[-3,-75],[-110,-78],[-54,25],[-64,-83],[66,-58],[-100,-358],[50,-42]],[[6530,2240],[28,-216],[-68,-25],[-16,-86],[39,-117],[13,-168],[94,-142],[158,-85],[36,-84],[-7,-128],[24,-80]],[[6831,1109],[-55,-66],[-79,-25],[-150,89],[-149,222],[-148,66],[-35,67],[-212,66],[-82,180]],[[7172,1825],[-138,-128],[-21,-108],[45,-239],[-15,-166],[33,-67],[-123,-126]],[[6953,991],[-122,118]],[[6734,2348],[142,-183],[70,56],[206,-199],[-9,-178],[29,-19]],[[7172,1825],[5,-50],[222,-6],[66,-80],[36,-128],[-19,-69],[-94,2],[42,-152],[91,-19],[87,-69],[-33,-197],[122,-81],[3,-132],[-141,25],[-42,-137],[-97,-18],[-158,33],[-73,47],[-7,75],[-118,39],[-28,66],[-83,17]],[[6532,5396],[-66,-108],[-26,-151]],[[6440,5137],[-214,15]],[[6226,5152],[-90,56]],[[6136,5208],[34,19],[-5,101],[-37,52]],[[6115,5508],[309,38],[67,-129],[41,-21]],[[6774,6067],[115,-57],[120,0],[43,-72],[157,-112]],[[7209,5826],[-61,-83]],[[7148,5743],[-101,-116],[-135,108],[-104,14],[-78,-45],[-53,53],[-58,130],[-106,-6],[-46,-49],[34,-95],[86,-110],[16,-100]],[[6603,5527],[-21,-108],[-50,-23]],[[6019,5701],[37,125]],[[6056,5826],[130,36],[178,-47],[53,170],[80,91],[-45,44],[31,48]],[[6483,6168],[109,21],[25,-55],[157,-67]],[[6725,4893],[-48,110],[-56,26],[-54,102]],[[6567,5131],[15,169],[119,-75]],[[6701,5225],[36,-217],[46,-86]],[[6783,4922],[-58,-29]],[[6567,5131],[-127,6]],[[6603,5527],[103,-5],[41,41],[56,-69],[-69,-119],[-33,-150]],[[7209,5826],[74,-41],[60,-144],[69,13],[70,-135]],[[7482,5519],[12,-100],[40,-64],[-50,-263],[-116,-28],[-60,58],[-264,-83]],[[7044,5039],[-43,197],[16,56],[139,96],[37,98],[0,90],[-45,167]],[[7044,5039],[7,-20],[-134,-99],[-134,2]],[[6725,4893],[-174,-228],[21,-61],[-33,-174],[-110,-59],[-162,-24],[-3,65],[-173,70]],[[6091,4482],[66,47],[44,170],[-64,144],[81,122],[8,187]],[[5861,4785],[-5,60],[-62,14],[13,72],[61,50],[-24,91],[38,61],[-8,98],[48,32],[116,-52],[98,-3]],[[6091,4482],[25,69],[-27,69],[23,72],[-74,65],[-101,-17],[-76,45]],[[5861,4785],[-57,-65],[89,-185],[-211,-117]],[[5682,4418],[-21,72],[82,131],[-40,244],[-42,160],[-104,-19],[-34,56],[-21,135],[102,95],[-112,66],[-78,152]],[[5682,4418],[-33,-13],[-130,63]],[[5519,4468],[8,34],[-105,41],[-33,94],[41,44],[-60,39],[-49,173],[-46,55],[-24,99],[-20,-75],[-69,-82],[-85,30],[-53,-116],[-85,74]],[[4939,4878],[8,236],[-9,160],[70,70],[8,94],[-86,-72],[-34,58],[-19,133],[56,26],[0,99],[99,92],[-26,66],[47,8],[15,75],[89,-186],[60,84],[119,-156],[32,-143],[46,-12]],[[5588,5885],[30,39]],[[5618,5924],[92,69],[81,161],[13,149],[63,208],[75,63]],[[5942,6574],[16,-30],[186,-91],[28,-62],[-38,-93],[-55,-20],[-68,36],[0,-88],[47,-64],[0,-72],[-65,-75],[-15,-111],[78,-78]],[[6360,6837],[-41,-216],[-20,-240],[61,-141],[123,-72]],[[5942,6574],[94,214]],[[6036,6788],[80,36],[134,-27],[110,40]],[[6997,6428],[-91,-247],[-106,-36],[-26,-78]],[[6360,6837],[-12,170],[58,150],[43,35],[0,128]],[[6449,7320],[74,5],[135,-187],[80,-31]],[[6738,7107],[9,-95],[57,-143],[40,-20],[25,-175],[-59,-210],[140,6],[47,-42]],[[6096,7761],[126,5],[3,61],[102,-107],[126,24],[-40,-75],[20,-149],[-70,-136],[86,-64]],[[6036,6788],[-102,100],[-130,17],[-13,41]],[[5791,6946],[-3,147],[51,116],[-76,77],[-7,234],[19,97],[130,14],[32,-87],[103,11],[4,161],[52,45]],[[5471,6890],[94,48],[149,28],[77,-20]],[[5618,5924],[-78,66],[-53,139],[-106,116],[-33,-22],[-92,78],[11,30],[-139,-3]],[[5128,6328],[9,55],[-93,97],[19,78],[114,69],[131,44],[130,-11],[-7,178]],[[5431,6838],[40,52]],[[5471,6890],[-9,117],[-46,53],[15,200],[-46,88],[45,56],[29,173],[-126,76],[-45,163],[-56,55],[54,115],[111,21],[-46,169],[75,37],[78,-20],[38,77]],[[5542,8270],[50,-63],[94,-19],[74,94],[96,39],[-23,-111],[52,30],[93,-47],[64,-178],[-32,-99],[17,-89],[69,-66]],[[3780,7149],[-7,-75],[39,-114]],[[3812,6960],[13,-109],[-57,-27],[-37,-75],[-105,-55],[-73,-175],[40,-122],[-80,-74],[-74,47],[-138,-59],[-176,183],[-77,50],[-72,-33],[-228,-244],[-69,-36]],[[2511,6877],[66,155],[-9,110],[95,21],[33,52],[89,8],[78,-31],[41,186],[100,48],[34,69],[83,25],[30,74],[84,-55],[-9,-122],[115,-22],[-3,-119],[47,-150],[152,11],[45,106],[91,39],[54,-26],[41,70],[-21,-158],[33,-19]],[[3812,6960],[121,80],[54,-74],[115,30],[154,-34],[57,-44],[-45,-188],[-45,-70],[9,-88],[-45,31]],[[4187,6603],[-106,47],[-130,19],[-38,-30],[-6,-109],[56,-207],[141,-169],[-52,-184],[-123,-150]],[[3929,5820],[-50,-13],[-91,47],[-12,59],[-69,69],[-24,-42],[45,-141],[-62,-89],[61,-211],[-23,-56],[30,-140],[1,-147]],[[4418,5544],[-268,86],[-150,183],[-71,7]],[[4187,6603],[88,-181]],[[4275,6422],[-109,-52],[44,-126],[74,-38],[73,39],[21,-89],[177,-77],[242,2],[39,-33]],[[4836,6048],[42,-113],[-164,-39],[-77,-103],[-179,-166],[-40,-83]],[[4939,4878],[-122,17],[-163,86],[-38,-53],[-72,14]],[[4544,4942],[-93,-6],[-144,89],[-35,277],[101,70],[45,172]],[[4836,6048],[69,72],[32,161],[61,80],[71,-72],[59,39]],[[4666,4721],[-122,221]],[[5519,4468],[-36,-143]],[[3780,7149],[85,82],[105,62],[-45,90],[160,34],[49,72],[76,5],[0,87],[189,8],[71,45],[66,-26]],[[4536,7608],[13,-24]],[[4953,6985],[-22,-125],[-120,-111],[-2,-53],[-74,-16],[-8,-122],[-69,-50],[-64,53],[-71,-86],[-190,-20],[-58,-33]],[[5243,6880],[188,-42]],[[4536,7608],[130,42],[20,-56],[68,1],[4,99],[67,-2],[16,113],[149,-74],[62,44],[-4,78],[-53,199],[65,19],[49,94],[8,164],[49,119],[169,-80],[14,36],[132,-19],[61,-115]],[[8577,8850],[-120,20],[-71,85],[-36,133],[-98,22]],[[8252,9110],[88,119],[100,42],[73,-44],[7,132],[30,87],[11,168],[91,-57],[56,71],[148,-97]],[[8623,8282],[-135,21],[-117,48],[-165,9],[-95,30]],[[8111,8390],[-41,14],[78,138],[78,9],[-9,175],[8,215],[-23,78],[50,91]],[[8579,8798],[12,-276],[32,-240]],[[8006,7860],[20,137],[57,160],[-16,59],[44,174]],[[8623,8282],[113,-547],[-20,-204]],[[8716,7531],[-139,247],[-72,19],[-69,-52],[-65,5],[-102,82],[-174,67]],[[6815,7273],[1,177],[69,150],[51,-2],[17,71],[110,105],[134,-100],[166,84],[17,75],[111,-59],[-10,-88],[79,11],[39,-53],[45,50],[77,-85]],[[7714,7528],[-58,-249]],[[7343,7168],[-49,78],[-147,7],[-125,-66],[-74,9],[-133,77]],[[7867,6336],[-12,-138],[-65,-53],[-133,89],[-82,-55]],[[7254,6358],[24,134]],[[7278,6492],[16,36],[154,-48],[46,45],[-29,80],[-49,11],[22,105],[-112,19],[-10,78],[56,54]],[[7880,6919],[97,-23],[28,-108],[57,-27]],[[8062,6761],[-52,-170],[-114,66],[-46,-13],[10,-80],[-77,-47],[-13,-94],[97,-87]],[[7278,6492],[-36,13],[-33,-94],[-212,17]],[[6738,7107],[28,158],[49,8]],[[8136,7589],[41,-108],[-34,-77],[36,-136],[0,-103],[-92,-25],[-8,-124],[-50,-76],[-92,59],[-57,-80]],[[8716,7531],[8,-26]],[[8704,7406],[-45,-52]],[[8659,7354],[-61,3],[-25,-68],[-92,-35],[16,-172],[-155,-20],[-60,-202],[89,-177],[-43,-51],[-99,12],[-42,63],[-125,54]],[[8659,7354],[-35,-164],[0,-138],[109,-126],[-40,-135],[-139,-86],[-12,-56],[54,-82],[84,-37],[77,-169],[-52,-102],[-82,11],[-241,80],[83,-175],[-4,-38]],[[8461,6137],[-36,-47]],[[8425,6090],[-146,17],[-87,55],[-62,164],[-42,0],[-131,127],[0,-59],[-86,-10],[-4,-48]],[[7571,6134],[97,-280],[33,-191]],[[7701,5663],[-50,-106],[-109,-97],[-60,59]],[[8425,6090],[61,-64],[-2,-97],[70,-42],[3,-194],[-48,-52],[-57,83],[5,-214],[-57,-3],[36,76],[-96,-37],[-120,81],[-11,-50],[77,-94],[-37,-73],[-199,65],[-49,60],[-145,84],[-50,-67],[-105,111]],[[9302,6758],[-9,-114],[73,-17],[54,-89],[-13,-77],[-134,39],[-126,-22],[84,-78],[-84,-67],[16,-63],[-80,8],[-91,83],[-11,-189],[23,-88],[-144,-45],[52,-41],[-70,-8],[-150,55],[-89,-14],[37,78],[-107,-11],[-72,39]],[[9176,6974],[-9,-195],[135,-21]],[[9119,7555],[109,84],[94,103],[74,21],[141,-13]],[[9537,7750],[33,-11]],[[9570,7739],[80,-108],[-19,-20],[45,-207],[-70,-159],[54,-24],[-102,-217],[-10,-88],[-100,-33],[-16,-95],[-98,-74],[-32,44]],[[9537,7750],[13,121],[64,267]],[[9700,8223],[149,-71],[-31,-128],[60,-58],[-24,-136],[9,-85],[-40,-62],[-83,-35],[-85,74],[-85,17]],[[8776,7511],[-31,116],[159,72],[0,95],[-37,69],[52,98],[-32,218],[-48,86],[49,92],[68,-25],[38,39]],[[8890,8938],[22,-22]],[[8940,9737],[279,-34],[176,-44],[45,-105],[15,-211],[-2,-340],[43,-153],[126,-80],[-32,-92]],[[8879,9529],[7,141],[54,67]],[[8940,9737],[-23,100],[122,-42],[26,150],[71,53],[0,-61],[53,-50],[165,-4],[40,-165],[158,-32],[-10,-381],[55,-112],[157,-104],[96,-159],[139,-182],[-5,-125],[-64,-34]]],"transform":{"scale":[0.0004642157754056182,0.0003370065737749399],"translate":[83.3465972653562,21.97379773842448]}}