{"type":"Topology","objects":{"Gujarat":{"type":"GeometryCollection","bbox":[68.11078421386942,20.10403533368107,74.49938156767868,24.694198058689484],"geometries":[{"type":"Polygon","properties":{"ac":"0","ASSEMBLY_1":"","DISTRICT":"JAMNAGAR","PARLIAMENT":"","P_NAME":"","STATE_UT":"GUJARAT"},"arcs":[[0,1,2,3,4,5,6,7]]},{"type":"Polygon","properties":{"ac":"0","ASSEMBLY_1":"","DISTRICT":"AHMEDABAD","PARLIAMENT":"","P_NAME":"","STATE_UT":"GUJARAT"},"arcs":[[8,9,10,11,12]]},{"type":"Polygon","properties":{"ac":"0","ASSEMBLY_1":"","DISTRICT":"BHAVNAGAR","PARLIAMENT":"","P_NAME":"","STATE_UT":"GUJARAT"},"arcs":[[13,14,15,16,17,18,19,-10,20]]},{"type":"Polygon","properties":{"ac":"151","ASSEMBLY_1":"JAMBUSAR","DISTRICT":"BHARUCH","PARLIAMENT":"22","P_NAME":"BHARUCH","STATE_UT":"GUJARAT"},"arcs":[[21]]},{"type":"Polygon","properties":{"ac":"0","ASSEMBLY_1":"","DISTRICT":"SURAT","PARLIAMENT":"","P_NAME":"","STATE_UT":"GUJARAT"},"arcs":[[-14,22,23,24,25,26,27]]},{"type":"Polygon","properties":{"ac":"199","ASSEMBLY_1":"UMBERGAON  (ST)","DISTRICT":"BHAVNAGAR","PARLIAMENT":"14","P_NAME":"AMRELI","STATE_UT":"GUJARAT"},"arcs":[[28,29,30,31]]},{"type":"Polygon","properties":{"ac":"182","ASSEMBLY_1":"KAPRADA (ST)","DISTRICT":"VALSAD","PARLIAMENT":"26","P_NAME":"VALSAD (ST)","STATE_UT":"GUJARAT"},"arcs":[[32,33]]},{"type":"Polygon","properties":{"ac":"181","ASSEMBLY_1":"PARDI","DISTRICT":"VALSAD","PARLIAMENT":"26","P_NAME":"VALSAD (ST)","STATE_UT":"GUJARAT"},"arcs":[[34,35,36]]},{"type":"Polygon","properties":{"ac":"180","ASSEMBLY_1":"VALSAD","DISTRICT":"VALSAD","PARLIAMENT":"26","P_NAME":"VALSAD (ST)","STATE_UT":"GUJARAT"},"arcs":[[37,38,39,-37,40,-34]]},{"type":"Polygon","properties":{"ac":"179","ASSEMBLY_1":"DHARAMPUR (ST)","DISTRICT":"VALSAD","PARLIAMENT":"26","P_NAME":"VALSAD (ST)","STATE_UT":"GUJARAT"},"arcs":[[41,42,-39,43]]},{"type":"Polygon","properties":{"ac":"178","ASSEMBLY_1":"BANSDA  (ST)","DISTRICT":"VALSAD","PARLIAMENT":"26","P_NAME":"VALSAD (ST)","STATE_UT":"GUJARAT"},"arcs":[[44,45,-35,-40,-43,46]]},{"type":"Polygon","properties":{"ac":"177","ASSEMBLY_1":"GANDEVI (ST)","DISTRICT":"NAVSARI","PARLIAMENT":"26","P_NAME":"VALSAD (ST)","STATE_UT":"GUJARAT"},"arcs":[[47,48,-45,49,50,51]]},{"type":"Polygon","properties":{"ac":"176","ASSEMBLY_1":"NAVSARI","DISTRICT":"NAVSARI","PARLIAMENT":"25","P_NAME":"NAVSARI","STATE_UT":"GUJARAT"},"arcs":[[-42,52,53,54,-50,-47]]},{"type":"Polygon","properties":{"ac":"175","ASSEMBLY_1":"JALALPORE","DISTRICT":"NAVSARI","PARLIAMENT":"25","P_NAME":"NAVSARI","STATE_UT":"GUJARAT"},"arcs":[[55,56,57,-54]]},{"type":"Polygon","properties":{"ac":"174","ASSEMBLY_1":"DANGS  (ST)","DISTRICT":"NAVSARI","PARLIAMENT":"25","P_NAME":"NAVSARI","STATE_UT":"GUJARAT"},"arcs":[[58,59,-57,60,61]]},{"type":"Polygon","properties":{"ac":"172","ASSEMBLY_1":"VYARA  (ST)","DISTRICT":"SURAT","PARLIAMENT":"23","P_NAME":"BARDOLI (ST)","STATE_UT":"GUJARAT"},"arcs":[[62,63,64,65,66,67,68]]},{"type":"Polygon","properties":{"ac":"171","ASSEMBLY_1":"MAHUVA   (ST)","DISTRICT":"SURAT","PARLIAMENT":"23","P_NAME":"BARDOLI (ST)","STATE_UT":"GUJARAT"},"arcs":[[-52,69,70,-66,71]]},{"type":"Polygon","properties":{"ac":"170","ASSEMBLY_1":"BARDOLI (SC)","DISTRICT":"SURAT","PARLIAMENT":"23","P_NAME":"BARDOLI (ST)","STATE_UT":"GUJARAT"},"arcs":[[-70,-51,-55,-58,-60,72,73]]},{"type":"Polygon","properties":{"ac":"169","ASSEMBLY_1":"CHORASI","DISTRICT":"SURAT","PARLIAMENT":"25","P_NAME":"NAVSARI","STATE_UT":"GUJARAT"},"arcs":[[-59,74,75,76,-73]]},{"type":"Polygon","properties":{"ac":"168","ASSEMBLY_1":"SURAT WEST","DISTRICT":"SURAT","PARLIAMENT":"25","P_NAME":"NAVSARI","STATE_UT":"GUJARAT"},"arcs":[[-75,-62,77,-27,78,79,80,81,82]]},{"type":"Polygon","properties":{"ac":"167","ASSEMBLY_1":"KATARGAM","DISTRICT":"SURAT","PARLIAMENT":"24","P_NAME":"SURAT","STATE_UT":"GUJARAT"},"arcs":[[83,84,85,86,87]]},{"type":"Polygon","properties":{"ac":"166","ASSEMBLY_1":"MAJURA","DISTRICT":"SURAT","PARLIAMENT":"24","P_NAME":"SURAT","STATE_UT":"GUJARAT"},"arcs":[[88,-82,89,90,91]]},{"type":"Polygon","properties":{"ac":"165","ASSEMBLY_1":"UDHNA","DISTRICT":"SURAT","PARLIAMENT":"24","P_NAME":"SURAT","STATE_UT":"GUJARAT"},"arcs":[[-90,-81,92,93,94]]},{"type":"Polygon","properties":{"ac":"164","ASSEMBLY_1":"LIMBAYAT","DISTRICT":"SURAT","PARLIAMENT":"24","P_NAME":"SURAT","STATE_UT":"GUJARAT"},"arcs":[[-92,95,96,97,-88,98,99]]},{"type":"Polygon","properties":{"ac":"163","ASSEMBLY_1":"KARANJ","DISTRICT":"SURAT","PARLIAMENT":"24","P_NAME":"SURAT","STATE_UT":"GUJARAT"},"arcs":[[-97,100,-94,101]]},{"type":"Polygon","properties":{"ac":"162","ASSEMBLY_1":"VARACHHA ROAD","DISTRICT":"SURAT","PARLIAMENT":"24","P_NAME":"SURAT","STATE_UT":"GUJARAT"},"arcs":[[-101,-96,-91,-95]]},{"type":"Polygon","properties":{"ac":"161","ASSEMBLY_1":"SURAT NORTH","DISTRICT":"SURAT","PARLIAMENT":"24","P_NAME":"SURAT","STATE_UT":"GUJARAT"},"arcs":[[102,-99,-87]]},{"type":"Polygon","properties":{"ac":"160","ASSEMBLY_1":"SURAT EAST","DISTRICT":"SURAT","PARLIAMENT":"24","P_NAME":"SURAT","STATE_UT":"GUJARAT"},"arcs":[[-98,-102,-93,-80,103,-84]]},{"type":"Polygon","properties":{"ac":"159","ASSEMBLY_1":"KAMREJ","DISTRICT":"SURAT","PARLIAMENT":"24","P_NAME":"SURAT","STATE_UT":"GUJARAT"},"arcs":[[-104,-79,-26,104,105,-85]]},{"type":"Polygon","properties":{"ac":"158","ASSEMBLY_1":"MANDVI   (ST)","DISTRICT":"SURAT","PARLIAMENT":"23","P_NAME":"BARDOLI (ST)","STATE_UT":"GUJARAT"},"arcs":[[106,-76,-83,-89,-100,-103,-86,-106,107,108]]},{"type":"Polygon","properties":{"ac":"157","ASSEMBLY_1":"MANGROL   (ST)","DISTRICT":"SURAT","PARLIAMENT":"23","P_NAME":"BARDOLI (ST)","STATE_UT":"GUJARAT"},"arcs":[[-74,-77,-107,109,110,-67,-71]]},{"type":"Polygon","properties":{"ac":"156","ASSEMBLY_1":"OLPAD","DISTRICT":"SURAT","PARLIAMENT":"23","P_NAME":"BARDOLI (ST)","STATE_UT":"GUJARAT"},"arcs":[[-110,-109,111,112,113,114]]},{"type":"Polygon","properties":{"ac":"155","ASSEMBLY_1":"ANKLESHWAR","DISTRICT":"SURAT","PARLIAMENT":"22","P_NAME":"BHARUCH","STATE_UT":"GUJARAT"},"arcs":[[-112,-108,-105,-25,115]]},{"type":"Polygon","properties":{"ac":"154","ASSEMBLY_1":"BHARUCH","DISTRICT":"BHARUCH","PARLIAMENT":"22","P_NAME":"BHARUCH","STATE_UT":"GUJARAT"},"arcs":[[116,117,-113,-116,-24,118]]},{"type":"Polygon","properties":{"ac":"153","ASSEMBLY_1":"JHAGADIA (ST)","DISTRICT":"BHARUCH","PARLIAMENT":"22","P_NAME":"BHARUCH","STATE_UT":"GUJARAT"},"arcs":[[119,-117,120,121]]},{"type":"Polygon","properties":{"ac":"152","ASSEMBLY_1":"VAGRA","DISTRICT":"BHARUCH","PARLIAMENT":"22","P_NAME":"BHARUCH","STATE_UT":"GUJARAT"},"arcs":[[-114,-118,-120,122,123,124,125]]},{"type":"Polygon","properties":{"ac":"151","ASSEMBLY_1":"JAMBUSAR","DISTRICT":"BHARUCH","PARLIAMENT":"22","P_NAME":"BHARUCH","STATE_UT":"GUJARAT"},"arcs":[[126,-123,-122,127,128]]},{"type":"Polygon","properties":{"ac":"150","ASSEMBLY_1":"DEDIAPADA  (ST)","DISTRICT":"BHARUCH","PARLIAMENT":"22","P_NAME":"BHARUCH","STATE_UT":"GUJARAT"},"arcs":[[129,-129,130,131,132,133]]},{"type":"Polygon","properties":{"ac":"149","ASSEMBLY_1":"KARJAN","DISTRICT":"NARMADA","PARLIAMENT":"22","P_NAME":"BHARUCH","STATE_UT":"GUJARAT"},"arcs":[[134,-68,-111,-115,-126,135]]},{"type":"Polygon","properties":{"ac":"148","ASSEMBLY_1":"NANDOD   (ST)","DISTRICT":"NARMADA","PARLIAMENT":"21","P_NAME":"CHHOTA UDAIPUR (ST)","STATE_UT":"GUJARAT"},"arcs":[[-136,-125,136,137,138,139]]},{"type":"Polygon","properties":{"ac":"147","ASSEMBLY_1":"PADRA","DISTRICT":"VADODARA","PARLIAMENT":"22","P_NAME":"BHARUCH","STATE_UT":"GUJARAT"},"arcs":[[-130,140,141,-137,-124,-127]]},{"type":"Polygon","properties":{"ac":"146","ASSEMBLY_1":"MANJALPUR","DISTRICT":"VADODARA","PARLIAMENT":"21","P_NAME":"CHHOTA UDAIPUR(ST)","STATE_UT":"GUJARAT"},"arcs":[[-134,142,143,144,145,146,-141]]},{"type":"Polygon","properties":{"ac":"145","ASSEMBLY_1":"RAOPURA","DISTRICT":"VADODARA","PARLIAMENT":"20","P_NAME":"VADODARA","STATE_UT":"GUJARAT"},"arcs":[[147,148,149]]},{"type":"Polygon","properties":{"ac":"144","ASSEMBLY_1":"AKOTA","DISTRICT":"VADODARA","PARLIAMENT":"20","P_NAME":"VADODARA","STATE_UT":"GUJARAT"},"arcs":[[150,151,-148,152,153,154]]},{"type":"Polygon","properties":{"ac":"143","ASSEMBLY_1":"SAYAJIGUNJ","DISTRICT":"VADODARA","PARLIAMENT":"20","P_NAME":"VADODARA","STATE_UT":"GUJARAT"},"arcs":[[155,156,-153,-150,157,-146]]},{"type":"Polygon","properties":{"ac":"142","ASSEMBLY_1":"VADODARA CITY (SC)","DISTRICT":"VADODARA","PARLIAMENT":"20","P_NAME":"VADODARA","STATE_UT":"GUJARAT"},"arcs":[[158,-154,-157]]},{"type":"Polygon","properties":{"ac":"141","ASSEMBLY_1":"DABHOI","DISTRICT":"VADODARA","PARLIAMENT":"21","P_NAME":"CHHOTA UDAIPUR (ST)","STATE_UT":"GUJARAT"},"arcs":[[159,-151,160]]},{"type":"Polygon","properties":{"ac":"140","ASSEMBLY_1":"SANKHEDA  (ST)","DISTRICT":"VADODARA","PARLIAMENT":"21","P_NAME":"CHHOTA UDAIPUR (ST)","STATE_UT":"GUJARAT"},"arcs":[[-142,-147,-158,-149,-152,-160,161,162,-138]]},{"type":"Polygon","properties":{"ac":"139","ASSEMBLY_1":"JETPUR  (ST)","DISTRICT":"VADODARA","PARLIAMENT":"21","P_NAME":"CHHOTA UDAIPUR (ST)","STATE_UT":"GUJARAT"},"arcs":[[-139,-163,163,164,165,166]]},{"type":"Polygon","properties":{"ac":"138","ASSEMBLY_1":"CHHOTA","DISTRICT":"VADODARA","PARLIAMENT":"21","P_NAME":"CHHOTA UDAIPUR (ST)","STATE_UT":"GUJARAT"},"arcs":[[167,168,169,-166]]},{"type":"Polygon","properties":{"ac":"137","ASSEMBLY_1":"VAGHODIA","DISTRICT":"VADODARA","PARLIAMENT":"21","P_NAME":"CHHOTA UDAIPUR(ST)","STATE_UT":"GUJARAT"},"arcs":[[170,-169,171,172,173]]},{"type":"Polygon","properties":{"ac":"136","ASSEMBLY_1":"SAVLI","DISTRICT":"VADODARA","PARLIAMENT":"20","P_NAME":"VADODARA","STATE_UT":"GUJARAT"},"arcs":[[-164,-162,-161,-155,-159,-156,-145,174,175,176]]},{"type":"Polygon","properties":{"ac":"135","ASSEMBLY_1":"DEVGADBARIA","DISTRICT":"VADODARA","PARLIAMENT":"20","P_NAME":"VADODARA","STATE_UT":"GUJARAT"},"arcs":[[177,-176,178,179,180,181,182,183]]},{"type":"Polygon","properties":{"ac":"134","ASSEMBLY_1":"GARBADA   (ST)","DISTRICT":"DAHOD","PARLIAMENT":"19","P_NAME":"DAHOD (ST)","STATE_UT":"GUJARAT"},"arcs":[[-174,184,185,186,187,188]]},{"type":"Polygon","properties":{"ac":"133","ASSEMBLY_1":"DAHOD  (ST)","DISTRICT":"DAHOD","PARLIAMENT":"19","P_NAME":"DAHOD (ST)","STATE_UT":"GUJARAT"},"arcs":[[189,190,191,-188]]},{"type":"Polygon","properties":{"ac":"132","ASSEMBLY_1":"LIMKHEDA   (ST)","DISTRICT":"DAHOD","PARLIAMENT":"19","P_NAME":"DAHOD (ST)","STATE_UT":"GUJARAT"},"arcs":[[192,-191,193,194]]},{"type":"Polygon","properties":{"ac":"131","ASSEMBLY_1":"JHALOD  (ST)","DISTRICT":"DAHOD","PARLIAMENT":"19","P_NAME":"DAHOD (ST)","STATE_UT":"GUJARAT"},"arcs":[[-187,195,196,197,-194,-190]]},{"type":"Polygon","properties":{"ac":"130","ASSEMBLY_1":"FATEHPURA   (ST)","DISTRICT":"DAHOD","PARLIAMENT":"19","P_NAME":"DAHOD (ST)","STATE_UT":"GUJARAT"},"arcs":[[-198,198,199,-195]]},{"type":"Polygon","properties":{"ac":"129","ASSEMBLY_1":"HALOL","DISTRICT":"DAHOD","PARLIAMENT":"19","P_NAME":"DAHOD (ST)","STATE_UT":"GUJARAT"},"arcs":[[200,201,-199,-197,202]]},{"type":"Polygon","properties":{"ac":"128","ASSEMBLY_1":"KALOL","DISTRICT":"PANCHMAHALS","PARLIAMENT":"21","P_NAME":"CHHOTA UDAIPUR(ST)","STATE_UT":"GUJARAT"},"arcs":[[-165,-177,-178,203,-172,-168]]},{"type":"Polygon","properties":{"ac":"127","ASSEMBLY_1":"GODHRA","DISTRICT":"PANCHMAHALS","PARLIAMENT":"18","P_NAME":"PANCHMAHAL","STATE_UT":"GUJARAT"},"arcs":[[204,205,-185,-173,-204,-184]]},{"type":"Polygon","properties":{"ac":"126","ASSEMBLY_1":"MORVA HADAF  (ST)","DISTRICT":"PANCHMAHALS","PARLIAMENT":"18","P_NAME":"PANCHMAHAL","STATE_UT":"GUJARAT"},"arcs":[[206,-205,-183,207]]},{"type":"Polygon","properties":{"ac":"125","ASSEMBLY_1":"SHEHRA","DISTRICT":"PANCHMAHALS","PARLIAMENT":"18","P_NAME":"PANCHMAHAL","STATE_UT":"GUJARAT"},"arcs":[[208,209,-203,-196,-186,-206,-207,210]]},{"type":"Polygon","properties":{"ac":"124","ASSEMBLY_1":"SANTRAMPUR  (ST)","DISTRICT":"PANCHMAHALS","PARLIAMENT":"18","P_NAME":"PANCHMAHAL","STATE_UT":"GUJARAT"},"arcs":[[211,212,213,-211,-208,-182]]},{"type":"Polygon","properties":{"ac":"123","ASSEMBLY_1":"LUNAWADA","DISTRICT":"PANCHMAHALS","PARLIAMENT":"19","P_NAME":"DAHOD (ST)","STATE_UT":"GUJARAT"},"arcs":[[-201,-210,214,215]]},{"type":"Polygon","properties":{"ac":"122","ASSEMBLY_1":"BALASINOR","DISTRICT":"PANCHMAHALS","PARLIAMENT":"18","P_NAME":"PANCHMAHAL","STATE_UT":"GUJARAT"},"arcs":[[-214,216,217,218,219,-215,-209]]},{"type":"Polygon","properties":{"ac":"121","ASSEMBLY_1":"KAPADVANJ","DISTRICT":"KHEDA","PARLIAMENT":"18","P_NAME":"PANCHMAHAL","STATE_UT":"GUJARAT"},"arcs":[[-213,220,221,222,-217]]},{"type":"Polygon","properties":{"ac":"120","ASSEMBLY_1":"THASRA","DISTRICT":"KHEDA","PARLIAMENT":"17","P_NAME":"KHEDA","STATE_UT":"GUJARAT"},"arcs":[[223,224,-222,225,226,227]]},{"type":"Polygon","properties":{"ac":"119","ASSEMBLY_1":"MAHUDHA","DISTRICT":"KHEDA","PARLIAMENT":"18","P_NAME":"PANCHMAHAL","STATE_UT":"GUJARAT"},"arcs":[[228,229,-221,-212,-181]]},{"type":"Polygon","properties":{"ac":"118","ASSEMBLY_1":"MEHMEDABAD","DISTRICT":"KHEDA","PARLIAMENT":"17","P_NAME":"KHEDA","STATE_UT":"GUJARAT"},"arcs":[[-230,230,231,232,233,-226]]},{"type":"Polygon","properties":{"ac":"117","ASSEMBLY_1":"NADIAD","DISTRICT":"KHEDA","PARLIAMENT":"17","P_NAME":"KHEDA","STATE_UT":"GUJARAT"},"arcs":[[234,-227,-234,235,236]]},{"type":"Polygon","properties":{"ac":"116","ASSEMBLY_1":"MATAR","DISTRICT":"KHEDA","PARLIAMENT":"17","P_NAME":"KHEDA","STATE_UT":"GUJARAT"},"arcs":[[237,238,239,240,-232]]},{"type":"Polygon","properties":{"ac":"115","ASSEMBLY_1":"SOJITRA","DISTRICT":"KHEDA","PARLIAMENT":"16","P_NAME":"ANAND","STATE_UT":"GUJARAT"},"arcs":[[-233,-241,241,242,243,-236]]},{"type":"Polygon","properties":{"ac":"114","ASSEMBLY_1":"PETLAD","DISTRICT":"ANAND","PARLIAMENT":"16","P_NAME":"ANAND","STATE_UT":"GUJARAT"},"arcs":[[244,245,246,-243,247]]},{"type":"Polygon","properties":{"ac":"113","ASSEMBLY_1":"ANAND","DISTRICT":"ANAND","PARLIAMENT":"16","P_NAME":"ANAND","STATE_UT":"GUJARAT"},"arcs":[[248,249,250,-248,-242,-240]]},{"type":"Polygon","properties":{"ac":"112","ASSEMBLY_1":"UMRETH","DISTRICT":"ANAND","PARLIAMENT":"16","P_NAME":"ANAND","STATE_UT":"GUJARAT"},"arcs":[[-249,-239,251,252]]},{"type":"Polygon","properties":{"ac":"111","ASSEMBLY_1":"ANKLAV","DISTRICT":"ANAND","PARLIAMENT":"16","P_NAME":"ANAND","STATE_UT":"GUJARAT"},"arcs":[[-180,253,-252,-238,-231,-229]]},{"type":"Polygon","properties":{"ac":"110","ASSEMBLY_1":"BORSAD","DISTRICT":"ANAND","PARLIAMENT":"16","P_NAME":"ANAND","STATE_UT":"GUJARAT"},"arcs":[[-179,-175,-144,254,-250,-253,-254]]},{"type":"Polygon","properties":{"ac":"109","ASSEMBLY_1":"KHAMBHAT","DISTRICT":"ANAND","PARLIAMENT":"16","P_NAME":"ANAND","STATE_UT":"GUJARAT"},"arcs":[[-133,255,-245,-251,-255,-143]]},{"type":"Polygon","properties":{"ac":"108","ASSEMBLY_1":"BOTAD","DISTRICT":"ANAND","PARLIAMENT":"16","P_NAME":"ANAND","STATE_UT":"GUJARAT"},"arcs":[[256,257,-246,-256,-132,258,-13]]},{"type":"Polygon","properties":{"ac":"107","ASSEMBLY_1":"GADHADA (SC)","DISTRICT":"BHAVNAGAR","PARLIAMENT":"15","P_NAME":"BHAVNAGAR","STATE_UT":"GUJARAT"},"arcs":[[259,260,261,262]]},{"type":"Polygon","properties":{"ac":"106","ASSEMBLY_1":"BHAVNAGAR WEST","DISTRICT":"BHAVNAGAR","PARLIAMENT":"15","P_NAME":"BHAVNAGAR","STATE_UT":"GUJARAT"},"arcs":[[263,264,265,266,267,-262,268]]},{"type":"Polygon","properties":{"ac":"105","ASSEMBLY_1":"BHAVNAGAR EAST","DISTRICT":"BHAVNAGAR","PARLIAMENT":"15","P_NAME":"BHAVNAGAR","STATE_UT":"GUJARAT"},"arcs":[[269,-19,270]]},{"type":"Polygon","properties":{"ac":"104","ASSEMBLY_1":"BHAVNAGAR RURAL","DISTRICT":"BHAVNAGAR","PARLIAMENT":"15","P_NAME":"BHAVNAGAR","STATE_UT":"GUJARAT"},"arcs":[[-271,-18,271]]},{"type":"Polygon","properties":{"ac":"103","ASSEMBLY_1":"PALITANA","DISTRICT":"BHAVNAGAR","PARLIAMENT":"15","P_NAME":"BHAVNAGAR","STATE_UT":"GUJARAT"},"arcs":[[272,-264,273,-11,-20,-270,-272,-17,274]]},{"type":"Polygon","properties":{"ac":"102","ASSEMBLY_1":"GARIADHAR","DISTRICT":"BHAVNAGAR","PARLIAMENT":"15","P_NAME":"BHAVNAGAR","STATE_UT":"GUJARAT"},"arcs":[[275,-265,-273,276]]},{"type":"Polygon","properties":{"ac":"101","ASSEMBLY_1":"TALAJA","DISTRICT":"BHAVNAGAR","PARLIAMENT":"14","P_NAME":"AMRELI","STATE_UT":"GUJARAT"},"arcs":[[-276,277,-30,278,279,280,-266]]},{"type":"Polygon","properties":{"ac":"100","ASSEMBLY_1":"MAHUVA","DISTRICT":"BHAVNAGAR","PARLIAMENT":"15","P_NAME":"BHAVNAGAR","STATE_UT":"GUJARAT"},"arcs":[[-31,-278,-277,-275,-16,281]]},{"type":"Polygon","properties":{"ac":"98","ASSEMBLY_1":"RAJULA","DISTRICT":"AMRELI","PARLIAMENT":"14","P_NAME":"AMRELI","STATE_UT":"GUJARAT"},"arcs":[[282,283,284,285,-279,-29]]},{"type":"Polygon","properties":{"ac":"97","ASSEMBLY_1":"SAVARKUNDLA","DISTRICT":"AMRELI","PARLIAMENT":"14","P_NAME":"AMRELI","STATE_UT":"GUJARAT"},"arcs":[[-280,-286,286,287,288]]},{"type":"Polygon","properties":{"ac":"96","ASSEMBLY_1":"LATHI","DISTRICT":"AMRELI","PARLIAMENT":"14","P_NAME":"AMRELI","STATE_UT":"GUJARAT"},"arcs":[[-289,289,290,-267,-281]]},{"type":"Polygon","properties":{"ac":"95","ASSEMBLY_1":"AMRELI","DISTRICT":"AMRELI","PARLIAMENT":"14","P_NAME":"AMRELI","STATE_UT":"GUJARAT"},"arcs":[[291,292,-290,-288,293,294,295]]},{"type":"Polygon","properties":{"ac":"94","ASSEMBLY_1":"DHARI","DISTRICT":"AMRELI","PARLIAMENT":"14","P_NAME":"AMRELI","STATE_UT":"GUJARAT"},"arcs":[[-287,-285,296,297,-294]]},{"type":"Polygon","properties":{"ac":"93","ASSEMBLY_1":"UNA","DISTRICT":"JUNAGADH","PARLIAMENT":"13","P_NAME":"JUNAGARH","STATE_UT":"GUJARAT"},"arcs":[[-284,298,299,300,301,-297]]},{"type":"Polygon","properties":{"ac":"92","ASSEMBLY_1":"KODINAR (SC)","DISTRICT":"JUNAGADH","PARLIAMENT":"13","P_NAME":"JUNAGARH","STATE_UT":"GUJARAT"},"arcs":[[302,-300,303]]},{"type":"Polygon","properties":{"ac":"91","ASSEMBLY_1":"TALALA","DISTRICT":"JUNAGADH","PARLIAMENT":"13","P_NAME":"JUNAGARH","STATE_UT":"GUJARAT"},"arcs":[[304,305,306,-301,-303,307,308]]},{"type":"Polygon","properties":{"ac":"90","ASSEMBLY_1":"SOMNATH","DISTRICT":"JUNAGADH","PARLIAMENT":"13","P_NAME":"JUNAGARH","STATE_UT":"GUJARAT"},"arcs":[[309,-309,310]]},{"type":"Polygon","properties":{"ac":"89","ASSEMBLY_1":"MANGROL","DISTRICT":"JUNAGADH","PARLIAMENT":"13","P_NAME":"JUNAGARH","STATE_UT":"GUJARAT"},"arcs":[[311,312,313,-305,-310]]},{"type":"Polygon","properties":{"ac":"88","ASSEMBLY_1":"KESHOD","DISTRICT":"JUNAGADH","PARLIAMENT":"11","P_NAME":"PORBANDAR","STATE_UT":"GUJARAT"},"arcs":[[314,-313,315,316]]},{"type":"Polygon","properties":{"ac":"87","ASSEMBLY_1":"VISAVADAR","DISTRICT":"JUNAGADH","PARLIAMENT":"13","P_NAME":"JUNAGARH","STATE_UT":"GUJARAT"},"arcs":[[317,-295,-298,-302,-307,318,319,320]]},{"type":"Polygon","properties":{"ac":"86","ASSEMBLY_1":"JUNAGADH","DISTRICT":"JUNAGADH","PARLIAMENT":"13","P_NAME":"JUNAGARH","STATE_UT":"GUJARAT"},"arcs":[[321,322,-320]]},{"type":"Polygon","properties":{"ac":"85","ASSEMBLY_1":"MANAVADAR","DISTRICT":"JUNAGADH","PARLIAMENT":"11","P_NAME":"PORBANDAR","STATE_UT":"GUJARAT"},"arcs":[[323,-322,-319,-306,-314,-315,324]]},{"type":"Polygon","properties":{"ac":"84","ASSEMBLY_1":"KUTIYANA","DISTRICT":"PORBANDAR","PARLIAMENT":"11","P_NAME":"PORBANDAR","STATE_UT":"GUJARAT"},"arcs":[[-325,-317,325,326,327,328,329]]},{"type":"Polygon","properties":{"ac":"83","ASSEMBLY_1":"PORBANDAR","DISTRICT":"PORBANDAR","PARLIAMENT":"11","P_NAME":"PORBANDAR","STATE_UT":"GUJARAT"},"arcs":[[330,331,-327,332]]},{"type":"Polygon","properties":{"ac":"82","ASSEMBLY_1":"DWARKA","DISTRICT":"JAMNAGAR","PARLIAMENT":"12","P_NAME":"JAMNAGAR","STATE_UT":"GUJARAT"},"arcs":[[-331,333,-7,334]]},{"type":"Polygon","properties":{"ac":"81","ASSEMBLY_1":"KHAMBHALIA","DISTRICT":"JAMNAGAR","PARLIAMENT":"12","P_NAME":"JAMNAGAR","STATE_UT":"GUJARAT"},"arcs":[[-332,-335,-6,335,-328]]},{"type":"Polygon","properties":{"ac":"80","ASSEMBLY_1":"JAMJODHPUR","DISTRICT":"JAMNAGAR","PARLIAMENT":"12","P_NAME":"JAMNAGAR","STATE_UT":"GUJARAT"},"arcs":[[336,-329,-336,-5,337,338]]},{"type":"Polygon","properties":{"ac":"79","ASSEMBLY_1":"JAMNAGAR SOUTH","DISTRICT":"JAMNAGAR","PARLIAMENT":"12","P_NAME":"JAMNAGAR","STATE_UT":"GUJARAT"},"arcs":[[339,340]]},{"type":"Polygon","properties":{"ac":"78","ASSEMBLY_1":"JAMNAGAR NORTH","DISTRICT":"JAMNAGAR","PARLIAMENT":"12","P_NAME":"JAMNAGAR","STATE_UT":"GUJARAT"},"arcs":[[-340,341]]},{"type":"Polygon","properties":{"ac":"76","ASSEMBLY_1":"KALAVAD (SC)","DISTRICT":"JAMNAGAR","PARLIAMENT":"12","P_NAME":"JAMNAGAR","STATE_UT":"GUJARAT"},"arcs":[[342,343,344,345,346,-339,347,-3,348]]},{"type":"Polygon","properties":{"ac":"75","ASSEMBLY_1":"DHORAJI","DISTRICT":"RAJKOT","PARLIAMENT":"11","P_NAME":"PORBANDAR","STATE_UT":"GUJARAT"},"arcs":[[-321,-323,-324,-330,-337,-347,349]]},{"type":"Polygon","properties":{"ac":"74","ASSEMBLY_1":"JETPUR","DISTRICT":"RAJKOT","PARLIAMENT":"11","P_NAME":"PORBANDAR","STATE_UT":"GUJARAT"},"arcs":[[-318,-350,-346,350,-296]]},{"type":"Polygon","properties":{"ac":"73","ASSEMBLY_1":"GONDAL","DISTRICT":"RAJKOT","PARLIAMENT":"11","P_NAME":"PORBANDAR","STATE_UT":"GUJARAT"},"arcs":[[-351,-345,351,352,-292]]},{"type":"Polygon","properties":{"ac":"72","ASSEMBLY_1":"JASDAN","DISTRICT":"RAJKOT","PARLIAMENT":"10","P_NAME":"RAJKOT","STATE_UT":"GUJARAT"},"arcs":[[-263,-268,-291,-293,-353,353,354,355,356]]},{"type":"Polygon","properties":{"ac":"71","ASSEMBLY_1":"RAJKOT RURAL (SC)","DISTRICT":"RAJKOT","PARLIAMENT":"10","P_NAME":"RAJKOT","STATE_UT":"GUJARAT"},"arcs":[[-352,-344,357,358,359,360,361,-354]]},{"type":"Polygon","properties":{"ac":"70","ASSEMBLY_1":"RAJKOT SOUTH","DISTRICT":"RAJKOT","PARLIAMENT":"10","P_NAME":"RAJKOT","STATE_UT":"GUJARAT"},"arcs":[[362,363,364,-361,365]]},{"type":"Polygon","properties":{"ac":"69","ASSEMBLY_1":"RAJKOT WEST","DISTRICT":"RAJKOT","PARLIAMENT":"10","P_NAME":"RAJKOT","STATE_UT":"GUJARAT"},"arcs":[[366,-359,367,-363]]},{"type":"Polygon","properties":{"ac":"68","ASSEMBLY_1":"RAJKOT EAST","DISTRICT":"RAJKOT","PARLIAMENT":"10","P_NAME":"RAJKOT","STATE_UT":"GUJARAT"},"arcs":[[-366,-360,-367]]},{"type":"Polygon","properties":{"ac":"67","ASSEMBLY_1":"WANKANER","DISTRICT":"RAJKOT","PARLIAMENT":"10","P_NAME":"RAJKOT","STATE_UT":"GUJARAT"},"arcs":[[-355,-362,-365,368,369,370]]},{"type":"Polygon","properties":{"ac":"66","ASSEMBLY_1":"TANKARA","DISTRICT":"RAJKOT","PARLIAMENT":"10","P_NAME":"RAJKOT","STATE_UT":"GUJARAT"},"arcs":[[-358,-343,371,372,-369,-364,-368]]},{"type":"Polygon","properties":{"ac":"65","ASSEMBLY_1":"MORBI","DISTRICT":"RAJKOT","PARLIAMENT":"1","P_NAME":"KUCHCH (SC)","STATE_UT":"GUJARAT"},"arcs":[[373,-372,-349,-2,374]]},{"type":"Polygon","properties":{"ac":"64","ASSEMBLY_1":"DHRANGADHRA","DISTRICT":"SURENDRANAGAR","PARLIAMENT":"9","P_NAME":"SURENDERNAGAR","STATE_UT":"GUJARAT"},"arcs":[[-374,375,376,377,378,-370,-373]]},{"type":"Polygon","properties":{"ac":"63","ASSEMBLY_1":"CHOTILA","DISTRICT":"SURENDRANAGAR","PARLIAMENT":"9","P_NAME":"SURENDERNAGAR","STATE_UT":"GUJARAT"},"arcs":[[-356,-371,-379,379,380]]},{"type":"Polygon","properties":{"ac":"62","ASSEMBLY_1":"WADHWAN","DISTRICT":"SURENDRANAGAR","PARLIAMENT":"9","P_NAME":"SURENDERNAGAR","STATE_UT":"GUJARAT"},"arcs":[[381,-380,-378,382]]},{"type":"Polygon","properties":{"ac":"61","ASSEMBLY_1":"LIMBDI","DISTRICT":"SURENDRANAGAR","PARLIAMENT":"9","P_NAME":"SURENDERNAGAR","STATE_UT":"GUJARAT"},"arcs":[[-381,-382,383,384,385,386,-260,-357]]},{"type":"Polygon","properties":{"ac":"60","ASSEMBLY_1":"DASADA (SC)","DISTRICT":"SURENDRANAGAR","PARLIAMENT":"9","P_NAME":"SURENDERNAGAR","STATE_UT":"GUJARAT"},"arcs":[[387,-384,-383,-377,388,389,390,391]]},{"type":"Polygon","properties":{"ac":"59","ASSEMBLY_1":"DHANDHUKA","DISTRICT":"AHMEDABAD","PARLIAMENT":"9","P_NAME":"SURENDERNAGAR","STATE_UT":"GUJARAT"},"arcs":[[-261,-387,392,-257,-12,-274,-269]]},{"type":"Polygon","properties":{"ac":"58","ASSEMBLY_1":"DHOLKA","DISTRICT":"AHMEDABAD","PARLIAMENT":"17","P_NAME":"KHEDA","STATE_UT":"GUJARAT"},"arcs":[[-237,-244,-247,-258,-393,-386,393,394]]},{"type":"Polygon","properties":{"ac":"57","ASSEMBLY_1":"DASKROI","DISTRICT":"AHMEDABAD","PARLIAMENT":"17","P_NAME":"KHEDA","STATE_UT":"GUJARAT"},"arcs":[[-228,-235,-395,395,396,397,398,399,400,401,402]]},{"type":"Polygon","properties":{"ac":"56","ASSEMBLY_1":"ASARWA (SC)","DISTRICT":"AHMEDABAD","PARLIAMENT":"8","P_NAME":"AHMEDABAD WEST (SC)","STATE_UT":"GUJARAT"},"arcs":[[403,404,405,406]]},{"type":"Polygon","properties":{"ac":"55","ASSEMBLY_1":"SABARMATI","DISTRICT":"AHMEDABAD","PARLIAMENT":"6","P_NAME":"GANDHINAGAR","STATE_UT":"GUJARAT"},"arcs":[[407,408,409,410]]},{"type":"Polygon","properties":{"ac":"54","ASSEMBLY_1":"DANILIMDA (SC)","DISTRICT":"AHMEDABAD","PARLIAMENT":"8","P_NAME":"AHMEDABAD WEST (SC)","STATE_UT":"GUJARAT"},"arcs":[[411,412,413,414,415,416,417]]},{"type":"Polygon","properties":{"ac":"53","ASSEMBLY_1":"MANINAGAR","DISTRICT":"AHMEDABAD","PARLIAMENT":"8","P_NAME":"AHMEDABAD WEST (SC)","STATE_UT":"GUJARAT"},"arcs":[[418,-417,419,420]]},{"type":"Polygon","properties":{"ac":"52","ASSEMBLY_1":"JAMALPUR KHADIA","DISTRICT":"AHMEDABAD","PARLIAMENT":"8","P_NAME":"AHMEDABAD WEST (SC)","STATE_UT":"GUJARAT"},"arcs":[[421,422,423,-412]]},{"type":"Polygon","properties":{"ac":"51","ASSEMBLY_1":"DARIAPUR","DISTRICT":"AHMEDABAD","PARLIAMENT":"8","P_NAME":"AHMEDABAD WEST (SC)","STATE_UT":"GUJARAT"},"arcs":[[-406,424,-413,-424,425,426,427]]},{"type":"Polygon","properties":{"ac":"50","ASSEMBLY_1":"AMRAIWADI","DISTRICT":"AHMEDABAD","PARLIAMENT":"8","P_NAME":"AHMEDABAD WEST (SC)","STATE_UT":"GUJARAT"},"arcs":[[-420,-416,428,429]]},{"type":"Polygon","properties":{"ac":"49","ASSEMBLY_1":"BAPUNAGAR","DISTRICT":"AHMEDABAD","PARLIAMENT":"7","P_NAME":"AHMEDABAD EAST","STATE_UT":"GUJARAT"},"arcs":[[-405,430,431,-414,-425]]},{"type":"Polygon","properties":{"ac":"48","ASSEMBLY_1":"THAKKARBAPA NAGAR","DISTRICT":"AHMEDABAD","PARLIAMENT":"7","P_NAME":"AHMEDABAD EAST","STATE_UT":"GUJARAT"},"arcs":[[-431,-404,432,-400,433]]},{"type":"Polygon","properties":{"ac":"47","ASSEMBLY_1":"NARODA","DISTRICT":"AHMEDABAD","PARLIAMENT":"7","P_NAME":"AHMEDABAD EAST","STATE_UT":"GUJARAT"},"arcs":[[-428,-410,434,-401,-433,-407]]},{"type":"Polygon","properties":{"ac":"46","ASSEMBLY_1":"NIKOL","DISTRICT":"AHMEDABAD","PARLIAMENT":"7","P_NAME":"AHMEDABAD EAST","STATE_UT":"GUJARAT"},"arcs":[[-415,-432,-434,-399,435,-429]]},{"type":"Polygon","properties":{"ac":"45","ASSEMBLY_1":"NARANPURA","DISTRICT":"AHMEDABAD","PARLIAMENT":"6","P_NAME":"GANDHINAGAR","STATE_UT":"GUJARAT"},"arcs":[[-427,436,437,-411]]},{"type":"Polygon","properties":{"ac":"44","ASSEMBLY_1":"ELLISBRIDGE","DISTRICT":"AHMEDABAD","PARLIAMENT":"8","P_NAME":"AHMEDABAD WEST (SC)","STATE_UT":"GUJARAT"},"arcs":[[-426,-423,438,439,-437]]},{"type":"Polygon","properties":{"ac":"43","ASSEMBLY_1":"VATVA","DISTRICT":"AHMEDABAD","PARLIAMENT":"7","P_NAME":"AHMEDABAD EAST","STATE_UT":"GUJARAT"},"arcs":[[440,-421,-430,-436,-398]]},{"type":"Polygon","properties":{"ac":"42","ASSEMBLY_1":"VEJALPUR","DISTRICT":"AHMEDABAD","PARLIAMENT":"6","P_NAME":"GANDHINAGAR","STATE_UT":"GUJARAT"},"arcs":[[-441,-397,441,442,-439,-422,-418,-419]]},{"type":"Polygon","properties":{"ac":"41","ASSEMBLY_1":"GHATLODIA","DISTRICT":"AHMEDABAD","PARLIAMENT":"6","P_NAME":"GANDHINAGAR","STATE_UT":"GUJARAT"},"arcs":[[443,444,-408,-438,-440,-443,445]]},{"type":"Polygon","properties":{"ac":"40","ASSEMBLY_1":"SANAND","DISTRICT":"AHMEDABAD","PARLIAMENT":"6","P_NAME":"GANDHINAGAR","STATE_UT":"GUJARAT"},"arcs":[[446,-446,-442,-396,-394,-385,-388,447,448]]},{"type":"Polygon","properties":{"ac":"39","ASSEMBLY_1":"VIRAMGAM","DISTRICT":"AHMEDABAD","PARLIAMENT":"9","P_NAME":"SURENDERNAGAR","STATE_UT":"GUJARAT"},"arcs":[[-392,449,450,-448]]},{"type":"Polygon","properties":{"ac":"38","ASSEMBLY_1":"KALOL","DISTRICT":"GANDHINAGAR","PARLIAMENT":"6","P_NAME":"GANDHINAGAR","STATE_UT":"GUJARAT"},"arcs":[[-447,451,452,453,454,-444]]},{"type":"Polygon","properties":{"ac":"37","ASSEMBLY_1":"MANSA","DISTRICT":"GANDHINAGAR","PARLIAMENT":"4","P_NAME":"MEHSANA","STATE_UT":"GUJARAT"},"arcs":[[455,-453,456,457,458,459,460]]},{"type":"Polygon","properties":{"ac":"36","ASSEMBLY_1":"GANDHINAGAR NORTH","DISTRICT":"GANDHINAGAR","PARLIAMENT":"6","P_NAME":"GANDHINAGAR","STATE_UT":"GUJARAT"},"arcs":[[461,-454,-456]]},{"type":"Polygon","properties":{"ac":"35","ASSEMBLY_1":"GANDHINAGAR SOUTH","DISTRICT":"GANDHINAGAR","PARLIAMENT":"7","P_NAME":"AHMEDABAD EAST","STATE_UT":"GUJARAT"},"arcs":[[462,463,-402,-435,-409,-445,-455,-462,-461]]},{"type":"Polygon","properties":{"ac":"34","ASSEMBLY_1":"DEHGAM","DISTRICT":"GANDHINAGAR","PARLIAMENT":"7","P_NAME":"AHMEDABAD EAST","STATE_UT":"GUJARAT"},"arcs":[[-464,464,465,-224,-403]]},{"type":"Polygon","properties":{"ac":"33","ASSEMBLY_1":"PRANTIJ","DISTRICT":"SABARKANTHA","PARLIAMENT":"5","P_NAME":"SABARKANTHA","STATE_UT":"GUJARAT"},"arcs":[[-465,-463,-460,466,467,468,469]]},{"type":"Polygon","properties":{"ac":"32","ASSEMBLY_1":"BAYAD","DISTRICT":"SABARKANTHA","PARLIAMENT":"5","P_NAME":"SABARKANTHA","STATE_UT":"GUJARAT"},"arcs":[[-223,-225,-466,-470,470,471,-218]]},{"type":"Polygon","properties":{"ac":"31","ASSEMBLY_1":"MODASA","DISTRICT":"SABARKANTHA","PARLIAMENT":"5","P_NAME":"SABARKANTHA","STATE_UT":"GUJARAT"},"arcs":[[-469,472,473,-471]]},{"type":"Polygon","properties":{"ac":"30","ASSEMBLY_1":"BHILODA (ST)","DISTRICT":"SABARKANTHA","PARLIAMENT":"5","P_NAME":"SABARKANTHA","STATE_UT":"GUJARAT"},"arcs":[[-472,-474,474,475,476,477,-219]]},{"type":"Polygon","properties":{"ac":"29","ASSEMBLY_1":"KHEDBRAHMA (ST)","DISTRICT":"SABARKANTHA","PARLIAMENT":"5","P_NAME":"SABARKANTHA","STATE_UT":"GUJARAT"},"arcs":[[478,479,-477,480]]},{"type":"Polygon","properties":{"ac":"28","ASSEMBLY_1":"IDAR (SC)","DISTRICT":"SABARKANTHA","PARLIAMENT":"5","P_NAME":"SABARKANTHA","STATE_UT":"GUJARAT"},"arcs":[[481,482,-481,-476,483,484]]},{"type":"Polygon","properties":{"ac":"27","ASSEMBLY_1":"HIMATNAGAR","DISTRICT":"SABARKANTHA","PARLIAMENT":"5","P_NAME":"SABARKANTHA","STATE_UT":"GUJARAT"},"arcs":[[485,-484,-475,-473,-468]]},{"type":"Polygon","properties":{"ac":"26","ASSEMBLY_1":"VIJAPUR","DISTRICT":"MAHESANA","PARLIAMENT":"4","P_NAME":"MEHSANA","STATE_UT":"GUJARAT"},"arcs":[[-486,-467,-459,486,487,488,489,-485]]},{"type":"Polygon","properties":{"ac":"25","ASSEMBLY_1":"MEHSANA","DISTRICT":"MAHESANA","PARLIAMENT":"4","P_NAME":"MEHSANA","STATE_UT":"GUJARAT"},"arcs":[[490,-487,-458,491,492]]},{"type":"Polygon","properties":{"ac":"24","ASSEMBLY_1":"KADI (SC)","DISTRICT":"MAHESANA","PARLIAMENT":"4","P_NAME":"MEHSANA","STATE_UT":"GUJARAT"},"arcs":[[-451,493,-492,-457,-452,-449]]},{"type":"Polygon","properties":{"ac":"23","ASSEMBLY_1":"BECHARAJI","DISTRICT":"MAHESANA","PARLIAMENT":"4","P_NAME":"MEHSANA","STATE_UT":"GUJARAT"},"arcs":[[-391,494,495,496,-493,-494,-450]]},{"type":"Polygon","properties":{"ac":"22","ASSEMBLY_1":"VISNAGAR","DISTRICT":"MAHESANA","PARLIAMENT":"4","P_NAME":"MEHSANA","STATE_UT":"GUJARAT"},"arcs":[[-491,-497,497,-488]]},{"type":"Polygon","properties":{"ac":"21","ASSEMBLY_1":"UNJHA","DISTRICT":"MAHESANA","PARLIAMENT":"4","P_NAME":"MEHSANA","STATE_UT":"GUJARAT"},"arcs":[[-496,498,499,500,-489,-498]]},{"type":"Polygon","properties":{"ac":"20","ASSEMBLY_1":"KHERALU","DISTRICT":"MAHESANA","PARLIAMENT":"3","P_NAME":"PATAN","STATE_UT":"GUJARAT"},"arcs":[[-490,-501,501,502,503,-482]]},{"type":"Polygon","properties":{"ac":"19","ASSEMBLY_1":"SIDHPUR","DISTRICT":"PATAN","PARLIAMENT":"3","P_NAME":"PATAN","STATE_UT":"GUJARAT"},"arcs":[[504,-502,-500,505,506,507]]},{"type":"Polygon","properties":{"ac":"18","ASSEMBLY_1":"PATAN","DISTRICT":"PATAN","PARLIAMENT":"3","P_NAME":"PATAN","STATE_UT":"GUJARAT"},"arcs":[[508,-506,-499,509]]},{"type":"Polygon","properties":{"ac":"17","ASSEMBLY_1":"CHANASAMA","DISTRICT":"PATAN","PARLIAMENT":"3","P_NAME":"PATAN","STATE_UT":"GUJARAT"},"arcs":[[510,511,512,-510,-495,-390]]},{"type":"Polygon","properties":{"ac":"16","ASSEMBLY_1":"RADHANPUR","DISTRICT":"PATAN","PARLIAMENT":"3","P_NAME":"PATAN","STATE_UT":"GUJARAT"},"arcs":[[513,-512,514,515]]},{"type":"Polygon","properties":{"ac":"15","ASSEMBLY_1":"KANKREJ","DISTRICT":"BANASKANTHA","PARLIAMENT":"3","P_NAME":"PATAN","STATE_UT":"GUJARAT"},"arcs":[[516,517,-507,-509,-513,-514,518,519]]},{"type":"Polygon","properties":{"ac":"14","ASSEMBLY_1":"DEODAR","DISTRICT":"BANASKANTHA","PARLIAMENT":"2","P_NAME":"BANASKANTHA","STATE_UT":"GUJARAT"},"arcs":[[-520,520,521,522,523]]},{"type":"Polygon","properties":{"ac":"13","ASSEMBLY_1":"DEESA","DISTRICT":"BANASKANTHA","PARLIAMENT":"2","P_NAME":"BANASKANTHA","STATE_UT":"GUJARAT"},"arcs":[[524,525,-517,-524]]},{"type":"Polygon","properties":{"ac":"12","ASSEMBLY_1":"PALANPUR","DISTRICT":"BANASKANTHA","PARLIAMENT":"2","P_NAME":"BANASKANTHA","STATE_UT":"GUJARAT"},"arcs":[[-508,-518,-526,526,527,528]]},{"type":"Polygon","properties":{"ac":"11","ASSEMBLY_1":"VADGAM (SC)","DISTRICT":"BANASKANTHA","PARLIAMENT":"3","P_NAME":"PATAN","STATE_UT":"GUJARAT"},"arcs":[[-505,-529,529,-503]]},{"type":"Polygon","properties":{"ac":"10","ASSEMBLY_1":"DANTA (ST)","DISTRICT":"BANASKANTHA","PARLIAMENT":"2","P_NAME":"BANASKANTHA","STATE_UT":"GUJARAT"},"arcs":[[-504,-530,-528,530,531,-479,-483]]},{"type":"Polygon","properties":{"ac":"9","ASSEMBLY_1":"DHANERA","DISTRICT":"BANASKANTHA","PARLIAMENT":"2","P_NAME":"BANASKANTHA","STATE_UT":"GUJARAT"},"arcs":[[532,-531,-527,-525,-523,533]]},{"type":"Polygon","properties":{"ac":"8","ASSEMBLY_1":"THARAD","DISTRICT":"BANASKANTHA","PARLIAMENT":"2","P_NAME":"BANASKANTHA","STATE_UT":"GUJARAT"},"arcs":[[534,-534,-522,535]]},{"type":"Polygon","properties":{"ac":"7","ASSEMBLY_1":"VAV","DISTRICT":"BANASKANTHA","PARLIAMENT":"2","P_NAME":"BANASKANTHA","STATE_UT":"GUJARAT"},"arcs":[[536,-536,-521,-519,-516,537]]},{"type":"Polygon","properties":{"ac":"4","ASSEMBLY_1":"ANJAR","DISTRICT":"KACHCHH","PARLIAMENT":"1","P_NAME":"KUCHCH (SC)","STATE_UT":"GUJARAT"},"arcs":[[538,539,540,541,542,543]]},{"type":"Polygon","properties":{"ac":"3","ASSEMBLY_1":"BHUJ","DISTRICT":"KACHCHH","PARLIAMENT":"1","P_NAME":"KUCHCH (SC)","STATE_UT":"GUJARAT"},"arcs":[[-543,544,545,546,547,548,549]]},{"type":"Polygon","properties":{"ac":"2","ASSEMBLY_1":"MANDVI","DISTRICT":"KACHCHH","PARLIAMENT":"1","P_NAME":"KUCHCH (SC)","STATE_UT":"GUJARAT"},"arcs":[[550,-545,-542,551,552]]},{"type":"Polygon","properties":{"ac":"1","ASSEMBLY_1":"ABDASA","DISTRICT":"KACHCHH","PARLIAMENT":"1","P_NAME":"KUCHCH (SC)","STATE_UT":"GUJARAT"},"arcs":[[553,554,-548,555,-546,-551]]},{"type":"Polygon","properties":{"ac":"0","ASSEMBLY_1":"","DISTRICT":"BHARUCH","PARLIAMENT":"","P_NAME":"","STATE_UT":"GUJARAT"},"arcs":[[-121,-119,-23,-21,-9,-259,-131,-128],[-22]]},{"type":"Polygon","properties":{"ac":"0","ASSEMBLY_1":"","DISTRICT":"KACHCHH","PARLIAMENT":"","P_NAME":"","STATE_UT":"GUJARAT"},"arcs":[[-511,-389,-376,-375,-1,556,-552,-541,557,558,559,-539,560,-549,-555,561,-538,-515],[555,546],[562],[563]]},{"type":"Polygon","properties":{"ac":"6","ASSEMBLY_1":"RAPAR","DISTRICT":"KACHCHH","PARLIAMENT":"1","P_NAME":"KUCHCH (SC)","STATE_UT":"GUJARAT"},"arcs":[[-559,564],[562],[563]]},{"type":"Polygon","properties":{"ac":"5","ASSEMBLY_1":"GANDHIDHAM (SC)","DISTRICT":"KACHCHH","PARLIAMENT":"1","P_NAME":"KUCHCH (SC)","STATE_UT":"GUJARAT"},"arcs":[[-560,-565,-558,-540],[560,549,543]]},{"type":"Polygon","properties":{"ac":"77","ASSEMBLY_1":"JAMNAGAR RURAL","DISTRICT":"JAMNAGAR","PARLIAMENT":"12","P_NAME":"JAMNAGAR","STATE_UT":"GUJARAT"},"arcs":[[-4,-348,-338],[-341,-342]]},{"type":"Polygon","properties":{"ac":"173","ASSEMBLY_1":"NIZAR  (ST)","DISTRICT":"DANGS","PARLIAMENT":"26","P_NAME":"VALSAD (ST)","STATE_UT":"GUJARAT"},"arcs":[[-48,-72,-65,565],[-567,62]]}]}},"arcs":[[[1531,5639],[222,-52],[136,-5],[116,-56],[214,-64],[150,-25],[94,-2],[101,41],[209,165],[168,79],[95,-17],[75,24],[170,208],[48,42],[156,79],[105,79],[29,78],[35,2]],[[3654,6215],[83,-75],[91,-25]],[[3828,6115],[-66,-49],[-59,-140],[-78,-34],[-59,-69]],[[3566,5823],[-8,66],[24,93],[4,133],[-56,-110],[-39,-109],[-27,-127],[-29,-59],[-54,-20],[21,-51],[-35,-106],[-41,-40],[-22,-71],[-27,1],[-34,-126],[-22,22],[-71,-5],[-126,25],[-96,-27],[-43,-32],[-57,-91],[4,-98],[-33,37],[-42,-74],[-57,56],[-42,-140]],[[2658,4970],[-27,10],[-58,128],[-7,-34]],[[2566,5074],[-62,12],[10,-74],[-17,-47],[-39,45],[-41,-133],[-42,74],[9,-79],[-42,-96],[-56,40],[-4,66],[-84,52],[-29,-29],[25,-77],[-62,23],[-8,-42],[40,-33],[-34,-32],[-57,18],[-84,-35]],[[1989,4727],[-1,59],[-61,-9],[-30,-52],[-52,-10],[10,-81],[-46,67],[-42,-35],[8,-78],[-35,-28],[-61,55],[-37,-79],[-40,3],[-3,54],[30,63],[28,293],[39,41],[-5,77],[-74,-54],[-122,-30],[-55,10],[12,86],[49,63],[0,57]],[[1501,5199],[30,440]],[[6739,4288],[-42,-34]],[[6697,4254],[-119,-116],[-42,-108],[-38,49],[-67,-17],[-44,22]],[[6387,4084],[-34,62]],[[6353,4146],[-8,61],[41,-5],[21,57],[-3,-111],[28,-24],[18,172],[30,-50],[-2,91],[31,62],[32,9],[-16,126],[50,73],[-47,0],[59,270],[4,55],[68,-13]],[[6659,4919],[71,-30],[16,-34],[-54,-138],[-4,-97],[-38,-138],[25,-76],[64,-118]],[[6727,2837],[-46,-133]],[[6681,2704],[-377,-115]],[[6304,2589],[95,179],[85,123],[24,118]],[[6508,3009],[16,137],[55,123],[-1,56],[-37,92],[-71,4],[-25,99]],[[6445,3520],[-38,39],[-30,123],[-66,2],[-25,-44],[-56,9]],[[6230,3649],[6,33]],[[6236,3682],[40,41],[-2,52],[57,-40],[56,18],[8,68],[-8,138],[-23,81],[23,44]],[[6697,4254],[112,-59],[39,-133],[20,-167],[0,-398],[-7,-262],[-76,-214],[-58,-184]],[[7153,3269],[48,-2],[116,44],[4,-44],[47,36],[40,-17],[-14,-71],[-68,-10],[-119,-51],[-13,-67],[-74,-56],[-62,41],[17,170],[78,27]],[[6727,2837],[351,-30],[100,52],[55,61]],[[7233,2920],[39,3],[45,-52],[34,8],[-4,-60]],[[7347,2819],[-16,-46],[-18,64],[-63,-15],[-35,-98],[13,-44],[-58,-69],[17,-61],[-55,-76],[51,7],[-38,-125],[88,-13],[122,27]],[[7355,2370],[5,-47]],[[7360,2323],[-64,-86],[-88,-39],[-18,-66]],[[7190,2132],[-40,5],[-17,-49],[-52,51],[-11,226],[-25,76],[-14,130],[22,75],[-372,58]],[[5586,1941],[-21,71],[-42,10],[-20,162],[-30,51],[-73,57]],[[5400,2292],[30,51],[140,0],[52,27],[48,-44],[15,56],[51,-5],[18,47],[74,-39],[39,32],[19,-52],[67,3],[2,71],[50,-10]],[[6005,2429],[-10,-71],[84,-91]],[[6079,2267],[-31,-69],[-110,-29],[-67,-52],[-46,44],[7,-56],[-82,-15],[-9,-49],[-37,37],[15,-83],[-133,-54]],[[7602,470],[-13,-40],[41,-83],[-24,-12],[-46,49],[-38,-52],[75,-78],[-2,-49],[-65,29],[-86,7],[-36,-41],[-33,-113],[-41,-18],[0,-51],[-96,22],[25,164],[-13,77],[37,154],[-3,39],[66,87],[122,-8]],[[7472,553],[4,-56],[46,-15],[51,42],[29,-54]],[[7777,757],[95,-52],[15,15],[114,-22],[0,-37],[84,-49],[32,-44],[63,-20],[89,27]],[[8269,575],[38,-20],[33,-220],[-25,-47],[9,-120],[-50,19],[-67,-22],[-65,20],[-27,-24],[-1,-92],[-55,-63],[-93,14],[-3,69],[46,54],[-28,24],[-109,11],[18,-57],[-107,-39],[-21,14],[-4,126],[51,15],[37,61],[87,69],[-3,49],[-55,12],[-47,-25],[14,60],[-30,59],[-20,-72],[-56,-2],[-16,-71],[-89,2],[0,88]],[[7631,467],[-5,50],[-36,-1],[-27,96],[35,8],[34,142],[54,-15],[91,10]],[[7472,553],[31,106],[-51,-5],[24,101],[-63,27],[48,68]],[[7461,850],[108,17],[68,-22]],[[7637,845],[78,5],[58,-53],[4,-40]],[[7631,467],[-29,3]],[[7425,1349],[136,-7],[50,-30],[17,47],[65,-45]],[[7693,1314],[-53,-36],[8,-62],[-24,-69],[23,-112],[-10,-190]],[[7461,850],[-1,64],[25,77],[-3,85],[-57,273]],[[7916,1054],[71,-36],[22,27],[71,-52],[194,54],[37,32]],[[8311,1079],[38,-67],[63,-21],[0,-91],[30,-5],[-44,-62],[5,-44],[-38,-52],[-34,-115],[-62,-47]],[[7693,1314],[52,-46],[-30,-57],[73,-54],[-1,-112],[129,9]],[[8457,1514],[-21,-45],[10,-83],[-39,-35],[-1,-51]],[[8406,1300],[-45,-49],[-12,-81],[-58,-32],[20,-59]],[[7916,1054],[22,54],[-20,44],[-69,67],[-24,61],[26,57],[-32,76],[11,61],[57,52],[35,-13],[2,158]],[[7924,1671],[68,-94],[74,-15],[11,-69],[71,6],[4,95],[24,47]],[[8176,1641],[24,-47],[77,-71],[76,-17],[104,8]],[[7425,1349],[-28,96]],[[7397,1445],[184,80],[38,-41],[22,47],[84,12],[25,-29],[91,83],[31,78]],[[7872,1675],[52,-4]],[[7397,1445],[-12,49]],[[7385,1494],[125,27],[63,39],[-18,39],[69,49],[-22,57],[-45,2],[8,40],[-39,31],[-12,76],[72,28],[23,-25],[9,-84],[39,-56],[16,49],[52,-14],[98,9]],[[7823,1761],[52,-39],[-3,-47]],[[7506,2041],[25,-34],[68,41],[107,-22],[-19,-73],[57,-40],[46,-76]],[[7790,1837],[33,-76]],[[7385,1494],[-8,73],[-46,138],[-40,66],[-29,94],[-24,161],[53,3],[-41,35],[-50,-8]],[[7200,2056],[96,-3],[67,28],[25,-47],[69,-35],[49,42]],[[8833,2095],[5,-91],[34,-56],[59,19],[14,-58],[53,12]],[[8998,1921],[88,-40],[-16,-110]],[[9070,1771],[-147,54],[-13,64],[-58,37],[-143,3],[-29,-70],[-29,38],[-40,-70],[-6,84],[-36,30]],[[8569,1941],[-53,44],[-74,10],[-13,26],[-76,11],[33,71],[8,100]],[[8394,2203],[9,37],[49,-29],[27,49],[57,25],[0,33],[84,8],[17,64],[100,-12],[52,140],[-8,71],[115,95],[40,1],[25,110]],[[8961,2795],[104,111],[52,-8],[83,30],[17,134]],[[9217,3062],[-5,42],[133,38],[138,-15],[43,21],[34,-71],[55,47],[24,-32],[88,67],[38,-57],[-12,-98],[-33,-34],[-90,-38],[-101,8],[-40,-29],[-126,7],[-21,54],[-29,-135],[-48,-3],[-99,-63],[-10,-202],[-91,-78],[-93,12],[6,-56],[-29,-62],[28,-40],[-21,-51],[-42,20],[-13,-34],[-72,2],[-8,-62],[-87,30],[-71,-44],[1,46],[-47,55],[-29,-54],[36,0],[26,-74],[102,-42],[67,5],[14,-47]],[[8176,1641],[-3,57],[-42,53],[-42,-22],[-35,60],[1,53],[64,12],[28,-61],[43,18],[-12,83],[-45,79],[69,17],[-13,113],[-88,51],[106,125],[-48,69]],[[8159,2348],[86,40],[23,53],[-16,52],[75,17],[12,-216],[55,-91]],[[8569,1941],[-33,-8],[-28,-159],[-60,-52],[14,-121],[-5,-87]],[[7790,1837],[26,72],[117,186],[12,126],[92,59],[1,129]],[[8038,2409],[64,23],[57,-84]],[[7506,2041],[4,71],[51,39],[-47,106],[0,62]],[[7514,2319],[47,19],[93,-66],[46,7],[3,-39],[50,17],[9,67],[113,-5],[5,44],[45,34]],[[7925,2397],[83,-12],[30,24]],[[7200,2056],[-10,76]],[[7360,2323],[3,-14]],[[7363,2309],[-33,-56],[46,17],[4,-47]],[[7380,2223],[21,27]],[[7401,2250],[26,7],[13,-76],[60,0],[-20,123]],[[7480,2304],[34,15]],[[7442,2343],[-46,0]],[[7396,2343],[14,47],[59,-27]],[[7469,2363],[-4,-12]],[[7465,2351],[-10,-3]],[[7455,2348],[-13,-5]],[[7472,2307],[8,-3]],[[7401,2250],[28,49]],[[7429,2299],[19,3]],[[7448,2302],[24,5]],[[7380,2223],[13,96],[37,7]],[[7430,2326],[-4,-12]],[[7426,2314],[3,-15]],[[7448,2302],[-1,14]],[[7447,2316],[-3,8]],[[7444,2324],[-2,19]],[[7455,2348],[16,-25]],[[7471,2323],[1,-16]],[[7447,2316],[-21,-2]],[[7430,2326],[14,-2]],[[7465,2351],[6,-28]],[[7363,2309],[33,34]],[[7355,2370],[-25,34],[45,91],[64,-21],[54,-69]],[[7493,2405],[-24,-42]],[[7711,2668],[5,-86],[83,59],[-12,-69],[17,-54],[63,-22],[58,-99]],[[7493,2405],[49,22],[-15,164],[11,50],[67,14]],[[7605,2655],[90,-9],[16,22]],[[7711,2668],[-47,44],[47,14],[3,69],[82,-10],[13,-90],[73,34],[18,-22],[63,41],[18,-34],[95,27],[41,-10],[75,72],[-12,66],[38,12],[17,-49],[76,64],[0,-39],[128,-18],[-46,-90],[85,-10],[26,-64],[16,42],[46,-11],[147,40],[63,37]],[[8776,2783],[22,20],[107,17],[56,-25]],[[7605,2655],[-28,172],[-32,20]],[[7545,2847],[18,69],[46,44],[-19,59],[66,22],[1,36],[53,-27],[0,-71],[35,-32],[25,44],[-29,64],[25,89]],[[7766,3144],[30,-22],[8,-111],[38,3],[27,-49],[38,31],[107,15],[65,-19],[81,27],[26,-42],[37,54],[84,-7],[79,36]],[[8386,3060],[43,-64],[121,-48],[62,26],[31,-26],[100,-1],[33,-164]],[[7347,2819],[54,-14],[28,51],[64,13],[52,-22]],[[7645,3360],[40,34],[5,-52],[49,-58],[36,-81]],[[7775,3203],[-9,-59]],[[7233,2920],[22,62],[72,12],[-5,93],[104,108],[7,76],[46,-21],[65,21],[101,89]],[[7787,3463],[42,-165],[40,-17],[27,-59],[-2,-56],[-44,-5],[-27,42],[-48,0]],[[7645,3360],[-9,7]],[[7636,3367],[-14,84],[19,71],[45,37],[104,7],[-28,-39],[25,-64]],[[7787,3463],[146,113],[24,76],[-65,94],[8,54]],[[7900,3800],[71,-72],[67,-12],[38,86],[-39,117],[64,30],[50,-88]],[[8151,3861],[1,-125],[51,5],[8,-57],[45,-17],[64,-116],[-22,-64],[63,-17],[50,20],[34,-34]],[[8445,3456],[25,-57],[-46,-49],[13,-98],[-51,-91],[0,-101]],[[7682,3907],[142,37],[-39,-36],[-6,-69],[121,-39]],[[7636,3367],[-144,22],[-82,-76],[-83,17],[-57,67],[-37,-57],[-41,42],[-5,-37],[-87,-10],[-34,22],[-84,-81],[-37,37],[-5,91],[68,-10],[38,110],[-13,124],[53,19],[22,67],[-29,26],[69,146],[18,-57],[67,27],[-21,49]],[[7212,3905],[101,35],[25,-97],[102,32],[39,-34],[31,20],[63,-74],[25,2],[22,77],[53,2],[9,39]],[[7652,4202],[27,-64],[53,-47],[38,32],[21,-59],[-29,-17],[0,-83],[-52,5],[-28,-62]],[[7212,3905],[-12,32],[49,30],[-3,122],[-47,-17],[-13,-56],[-49,-15],[-12,71],[-17,-71],[-102,-72],[-32,6],[19,66],[-19,83],[50,69],[-59,22],[-8,52],[33,78],[13,89],[-38,-23],[25,128],[62,67],[63,14]],[[7115,4580],[34,-17],[147,0],[60,76]],[[7356,4639],[91,52]],[[7447,4691],[0,-49],[59,-167],[49,39],[18,-45],[-71,-9],[-27,-56],[14,-72],[92,-149],[71,19]],[[8985,3633],[-12,-47],[93,-113],[12,-96],[-20,-49],[-89,-10],[-64,-34],[56,-57],[33,-169],[25,-56],[77,53],[46,-22],[37,62],[38,-33]],[[8445,3456],[54,41],[-21,49],[31,10],[11,81],[51,-24],[-34,-34],[74,2],[49,-22],[58,63],[117,-36],[15,47],[56,19],[33,-41],[46,22]],[[8151,3861],[41,-32],[43,17],[0,86],[76,-24],[49,9],[17,109]],[[8377,4026],[43,29],[57,-32],[10,85],[-17,77],[45,29]],[[8515,4214],[23,-5],[99,60],[59,-6],[22,-68],[25,26],[-9,-78],[50,-93],[49,10],[26,-39],[51,-3],[38,-71],[79,51],[21,-63],[31,7],[81,-121]],[[9160,3821],[-109,-68],[-61,-1],[-48,-34],[34,-27],[9,-58]],[[7652,4202],[17,46],[-12,79],[78,44],[56,-46],[42,84],[82,78]],[[7915,4487],[84,-57],[43,-71],[-36,-5],[-22,-88],[42,-18],[8,-113],[80,43],[0,36],[142,13],[98,-59],[-26,-86],[9,-64],[40,8]],[[7447,4691],[66,-27],[42,25],[11,75],[41,-36]],[[7607,4728],[-1,-55],[42,-32],[50,37],[84,106],[-9,51]],[[7773,4835],[21,35],[22,-78],[68,12]],[[7884,4804],[12,-52]],[[7896,4752],[-60,3],[-20,-69],[113,-91],[-14,-108]],[[8046,4740],[46,-13]],[[8092,4727],[-78,-129],[-56,12],[-5,61]],[[7953,4671],[30,62],[63,7]],[[8063,4862],[-9,-54],[43,-41]],[[8097,4767],[-5,-40]],[[8046,4740],[5,56],[-41,13]],[[8010,4809],[21,46]],[[8031,4855],[32,7]],[[7884,4804],[2,14]],[[7886,4818],[124,-9]],[[7953,4671],[-29,5],[-28,76]],[[7886,4818],[31,79],[47,41],[67,-83]],[[8097,4787],[0,-20]],[[8063,4862],[63,18],[-29,-93]],[[8097,4787],[22,-76],[49,-74],[58,54],[86,-69],[20,-61],[34,4],[66,62],[22,-15]],[[8454,4612],[-18,-32],[37,-41],[-13,-76],[30,-69],[-44,-64],[0,-66],[79,36],[-10,-86]],[[8454,4612],[80,79],[3,127],[32,1]],[[8569,4819],[102,-8],[-26,27],[26,111],[114,-62],[-13,-46],[-58,-3],[-42,-52],[38,-56],[109,8]],[[8819,4738],[8,-54],[40,12],[-3,-57],[51,17],[13,-64],[-59,-48],[8,-129],[21,-81],[128,-14],[43,29],[17,-69],[64,-51],[21,-147],[87,-27],[38,-133]],[[9296,3922],[-136,-101]],[[8819,4738],[7,100],[34,20]],[[8860,4858],[29,-15],[76,24],[5,-68],[49,42],[54,0],[23,-47],[7,-89],[-30,-12],[48,-42],[27,35],[77,-32],[41,-145],[22,8],[20,117],[60,18]],[[9368,4652],[-8,-62],[74,-19],[16,-254],[34,20],[41,-41],[-62,-101],[-70,-55],[6,-31],[84,-32],[-8,-56],[-179,-99]],[[9349,5309],[-36,-19],[-16,-74],[81,0],[27,-88],[4,-76],[28,-27],[32,80],[28,-54],[39,27],[7,72],[21,-88],[79,-8],[26,-61],[-41,-62],[-60,-21],[-25,-101],[-89,24],[-36,86],[-55,-22],[-29,-167],[34,-78]],[[8860,4858],[30,93],[-51,7],[7,106],[-20,35],[4,132],[16,44]],[[8846,5275],[98,32]],[[8944,5307],[54,-37],[21,-46],[87,-6],[46,75],[40,-8],[90,71],[67,-47]],[[7773,4835],[-12,62],[38,67],[-9,41]],[[7790,5005],[100,22],[23,35],[57,-33],[56,15],[-6,-56],[99,41],[16,35],[96,17],[34,88],[57,30]],[[8322,5199],[26,-22],[10,-76],[-14,-66],[35,-10],[-6,-52],[50,-44],[-11,-44],[157,-66]],[[8343,5300],[-21,-101]],[[7790,5005],[40,96],[-1,106],[63,36],[23,40]],[[7915,5283],[15,93],[115,110]],[[8045,5486],[56,57],[-20,122],[12,113],[32,25],[110,24]],[[8235,5827],[45,-71],[10,109],[33,5],[22,-57]],[[8345,5813],[8,-54],[-63,-44],[7,-93]],[[8297,5622],[39,-79],[-30,-37],[-43,5],[26,-47],[-20,-152],[74,-12]],[[8944,5307],[16,37],[80,3],[-25,80],[-73,28],[38,49],[-32,64],[-3,60]],[[8945,5628],[37,20],[29,79],[-46,103],[47,5],[-11,116],[43,2],[13,49]],[[9057,6002],[17,22],[78,-81],[27,-111],[47,17],[14,-63],[-24,-69],[42,-24],[55,58],[66,20],[64,-88],[37,-10]],[[9480,5673],[0,-44],[-41,-23],[19,-203],[-6,-83],[-30,-32]],[[9422,5288],[-73,21]],[[9480,5673],[17,106],[-25,21],[9,64],[33,5]],[[9514,5869],[37,-58],[55,38],[85,-26],[91,10],[18,48],[136,-4]],[[9936,5877],[0,-52],[-57,-120],[-30,-191],[-106,-15],[-61,24],[-67,-74],[-35,-102],[-126,-107],[-32,48]],[[9783,6215],[62,-120],[30,-22],[29,42],[70,-10],[25,-120],[-23,-96],[-40,-12]],[[9514,5869],[-49,37],[-15,66],[18,69]],[[9468,6041],[41,13],[17,69],[101,2],[17,37],[64,-1],[21,45],[54,9]],[[9057,6002],[11,95],[27,28],[-14,58],[60,60],[-38,24],[17,52]],[[9120,6319],[72,26],[32,57],[38,-56],[59,5],[0,-42]],[[9321,6309],[58,-105],[8,-104],[81,-59]],[[9321,6309],[51,74],[54,-1],[1,70],[-39,46],[24,29],[19,141],[16,12]],[[9447,6680],[88,-59],[38,88],[61,-9],[65,-150],[-12,-38],[48,-48],[26,-79],[34,-27],[33,-110],[-45,-33]],[[9170,6532],[21,3],[63,-76],[24,20],[-28,73],[-16,103],[-31,25],[30,88],[-9,93],[27,45],[-18,49],[21,66]],[[9254,7021],[45,-7],[18,-79],[97,-5],[48,-64],[5,-81],[-20,-105]],[[9120,6319],[-13,39],[12,125],[51,49]],[[8343,5300],[14,51],[34,-22],[92,54],[96,-39],[70,63],[31,-36],[96,-17],[70,-79]],[[8297,5622],[85,31],[96,8],[84,-25],[100,15],[79,37],[68,-52],[29,12],[-9,111]],[[8829,5759],[65,-5],[20,-94],[31,-32]],[[8924,6054],[33,-116],[-47,-111],[-50,-19],[-31,-49]],[[8345,5813],[41,17],[30,57],[62,-42],[8,98],[72,15],[63,-30],[92,30],[4,42],[52,24],[42,-39],[8,-49],[24,76],[81,42]],[[8742,6515],[42,17],[-11,89],[48,47]],[[8821,6668],[46,14],[57,-34],[61,-76],[127,2],[3,-52],[55,10]],[[8924,6054],[-34,90],[62,123],[-9,59],[-30,-30],[-41,69],[16,49],[-34,25],[-44,-27],[-22,66],[-46,37]],[[8235,5827],[56,141],[-30,69],[29,61],[64,64]],[[8354,6162],[39,56],[-25,130]],[[8368,6348],[65,-96],[41,20],[71,-29],[84,27],[113,245]],[[8821,6668],[9,98],[34,34],[-21,78],[-64,-2],[26,39],[-33,86],[15,104],[-11,37],[42,44]],[[8818,7186],[60,100],[29,-51],[70,27],[105,-206],[0,-33],[70,10],[36,87],[66,-99]],[[8368,6348],[-33,3],[18,53],[-2,99],[-78,19],[13,55],[74,49],[144,5],[34,76],[37,2],[-38,69],[51,54],[-6,54],[-57,-54],[-16,78]],[[8509,6910],[46,71],[66,141]],[[8621,7122],[58,91],[-8,59]],[[8671,7272],[33,-25],[80,34],[34,-95]],[[8354,6162],[-55,15],[-46,-57],[-57,31],[-90,-38],[-12,81],[-30,-8],[13,-86],[-85,-31],[-1,-40],[-149,5]],[[7842,6034],[-1,152],[38,35],[-34,26],[8,108],[68,8],[-55,123],[-3,46],[36,22],[35,77]],[[7934,6631],[24,-37],[51,7],[11,-76],[51,-84],[43,-27],[36,50],[51,2],[18,101],[51,22],[6,74],[-53,61],[63,44],[-13,35],[122,100],[37,-24],[77,31]],[[7436,6265],[107,93],[30,91],[55,-5],[29,118],[78,19],[-25,52]],[[7710,6633],[84,2],[78,54],[29,43],[32,-35],[1,-66]],[[7842,6034],[-93,0],[-31,-93],[-23,63],[-41,-42],[-57,48]],[[7597,6010],[14,41],[-47,51],[-49,-7],[-15,133],[-61,10]],[[7439,6238],[-3,27]],[[8045,5486],[-39,45],[-1,58],[-67,0],[-48,87],[-116,-10]],[[7774,5666],[25,37],[-4,120],[35,36],[-10,87],[22,88]],[[7774,5666],[-5,41],[-78,-46],[-44,-163],[-77,-41]],[[7570,5457],[-11,64],[21,54],[-48,-13],[6,69],[-46,44],[-65,-22]],[[7427,5653],[-46,79]],[[7381,5732],[24,44],[67,32],[63,74],[-12,31],[74,97]],[[6965,5849],[50,45],[42,2],[17,130],[64,28],[44,-35],[40,7],[45,64],[92,-12],[80,160]],[[7381,5732],[-85,7],[1,50],[-109,33],[-58,-46],[-111,20],[-15,-91],[-40,-50]],[[6964,5655],[-7,114],[-21,27],[29,53]],[[7570,5457],[-10,-61]],[[7560,5396],[-74,-30]],[[7486,5366],[-67,91]],[[7419,5457],[7,110],[-30,79],[31,7]],[[7419,5457],[-53,36]],[[7366,5493],[-84,10],[-27,-39],[-55,-3],[25,-61],[-87,-110],[32,-93],[-152,2],[-29,130],[-73,105]],[[6916,5434],[65,124],[-40,56],[23,41]],[[7394,4980],[-78,-19]],[[7316,4961],[-19,51],[-43,8],[-117,-27],[-56,22],[-63,-18],[-119,15],[-43,99],[-55,54]],[[6801,5165],[8,88],[-23,59],[70,42],[60,80]],[[7366,5493],[-8,-97],[13,-146],[-41,-26],[-3,-52],[36,-44],[-25,-37],[56,-111]],[[7486,5366],[-13,-120],[15,-54],[35,32],[13,-54],[83,-15]],[[7619,5155],[14,-40]],[[7633,5115],[-109,-93],[-31,7],[-24,-61],[-75,12]],[[7560,5396],[58,-10],[26,-89],[29,-24]],[[7673,5273],[-21,-93],[-33,-25]],[[7915,5283],[-54,31],[-20,-26],[-54,44],[-114,-59]],[[7607,4728],[62,108],[-50,17],[21,61],[1,103],[19,84],[-27,14]],[[7356,4639],[-36,62],[-41,2],[27,74],[10,184]],[[6659,4919],[39,49],[6,83],[-23,-11]],[[6681,5040],[32,73],[88,52]],[[7115,4580],[-78,0],[-118,-95],[-122,-118],[-58,-79]],[[5225,4673],[10,60],[90,39],[54,76],[72,-44],[4,53],[46,-21]],[[5501,4836],[16,-128],[48,-69],[-43,-42],[19,-54],[36,30],[80,-74],[42,-2],[37,-106],[130,-5],[14,-78],[45,9]],[[5925,4317],[-64,-100],[31,-71],[-20,-32],[-105,34],[-72,-3],[-55,-78],[-18,-68],[-37,-42],[-87,-17],[-30,78],[26,59],[-12,44],[-106,12],[-45,-22],[-51,76]],[[5280,4187],[55,54],[-6,106],[-49,57],[16,103],[-79,44],[46,54],[-4,54],[-34,14]],[[6147,4322],[-30,-39],[-52,17],[-18,-105],[-56,-5],[-7,-50],[46,-26],[134,-17],[18,-106],[-30,-2],[-51,-74],[-18,-113],[-49,-35],[5,-58],[-108,-40],[-69,-66],[22,-27],[-13,-76]],[[5871,3500],[-47,39],[-50,-19],[-8,71],[-154,-45],[-25,-90]],[[5587,3456],[-119,-13]],[[5468,3443],[12,62],[-58,39],[-38,64],[-75,71],[-35,-5],[-35,113],[-36,62],[-6,59],[62,-28],[9,64],[-30,54],[-73,12],[-10,52]],[[5155,4062],[108,59],[17,66]],[[5925,4317],[43,54],[120,-46],[59,-3]],[[6245,3490],[-86,-19],[38,110],[-9,66],[48,35]],[[6230,3649],[15,-159]],[[6445,3520],[-78,-65],[-17,86],[-72,-14],[-33,-37]],[[6219,3094],[-63,28],[5,42],[55,-20],[-22,42],[-25,139],[-122,-29],[-7,66],[-127,45],[-6,105],[-36,-12]],[[6147,4322],[21,44],[34,-41],[35,-96],[75,-10],[41,-73]],[[6508,3009],[-71,53],[-33,-12],[15,-149],[-44,-49],[-52,26],[-38,81],[42,15],[-63,39],[-16,92],[-29,-11]],[[5893,2834],[-89,-56],[-56,-64],[-91,-47],[-51,-5],[18,113],[-89,3],[16,116],[88,-8],[-20,233],[30,-2],[4,128],[-73,56],[22,57],[-15,98]],[[6219,3094],[-85,-31],[-19,-52],[-63,-19],[-18,54],[-45,-8],[36,-132],[27,24],[2,-71],[-28,-86],[-42,5],[-91,56]],[[5893,2834],[6,-76],[35,-9],[-51,-116],[59,-25],[13,-142],[50,-37]],[[5400,2292],[-63,39]],[[5337,2331],[27,238],[57,0],[35,57],[62,47],[2,108],[-22,2],[-5,110],[-128,10],[-10,39],[-58,15],[-14,37],[34,128]],[[5317,3122],[71,27],[20,56],[-7,71],[42,35],[67,-7],[-50,66],[8,73]],[[6304,2589],[-27,-169],[9,-55],[-156,-103],[8,49],[-42,0],[-17,-44]],[[5586,1941],[-77,-42],[-157,-54],[-26,-47],[-160,-88],[-105,24],[67,93],[-32,5],[-38,-56],[-100,-27],[7,-59],[63,52],[39,-49],[-81,-32],[-164,-131]],[[4822,1530],[16,69],[-40,125],[-30,6],[-20,103],[53,17],[35,51],[-38,44],[-101,-44],[-22,25],[51,127],[-29,91]],[[4697,2144],[71,15],[51,-46],[50,38],[70,8],[55,-105],[29,78]],[[5023,2132],[118,101],[8,63],[52,-39],[76,8],[60,66]],[[5023,2132],[-27,93],[-39,22],[-4,60],[-93,11],[18,67],[34,22],[50,93],[0,35],[-65,54],[-10,159],[24,121],[37,61]],[[4948,2930],[84,64],[-70,69],[40,172],[18,-3]],[[5020,3232],[79,35],[93,-11],[55,64],[62,28],[46,-39],[3,-92],[-52,-29],[11,-66]],[[5020,3232],[4,108],[-17,103],[-43,74],[22,54],[-72,0],[-30,81],[-95,-19],[0,-82],[-79,-5],[1,59],[-60,54],[13,74]],[[4664,3733],[41,64],[-8,37],[-71,-45],[-43,50],[43,19],[0,49],[91,32],[136,116],[-26,78],[101,-2],[25,-113],[51,37],[-34,93],[53,54],[34,-37],[22,-88],[76,-15]],[[4269,3564],[79,-17],[14,63],[65,-41],[48,10],[18,-45],[82,17],[30,39],[1,143]],[[4606,3733],[58,0]],[[4948,2930],[-5,42],[-167,-64],[-29,20],[-155,2],[8,71],[-33,37],[-43,-9],[-12,46],[55,7],[-71,86],[40,45],[1,54],[-46,26],[-50,-27],[-76,5],[-30,-64]],[[4335,3207],[-136,195]],[[4199,3402],[15,100],[-51,-7],[42,61],[64,8]],[[4697,2144],[-42,23],[-33,61],[-110,113],[-50,-5],[-130,49],[-63,-37]],[[4269,2348],[-75,135],[38,62],[105,10],[29,61],[55,27],[-31,74],[-34,-42],[-56,-20],[10,125],[53,47],[18,-29],[55,26],[-37,140],[-59,-44],[-29,52],[-58,-17],[0,76],[-42,47],[66,-6],[9,42],[59,-10],[-10,103]],[[4822,1530],[-71,-44],[-32,-53],[-68,7],[-30,-52],[-147,0]],[[4474,1388],[0,71],[-40,170],[-34,12],[36,79],[-4,56],[-121,-22],[-30,137],[8,71],[-52,3],[-22,49],[-38,-59],[-33,10],[-29,-86],[-51,23]],[[4064,1902],[50,90],[-29,15],[12,54],[39,37],[66,5],[22,58],[37,17],[4,75]],[[4265,2253],[4,95]],[[3933,1454],[-11,140],[33,111],[43,52],[4,85],[41,101],[21,-41]],[[4474,1388],[-100,12],[-62,-29],[-12,-42],[-59,-17],[-44,62],[22,-82],[-126,67],[-104,76],[-56,19]],[[3604,2058],[4,121],[54,103],[20,98]],[[3682,2380],[79,-34],[42,46],[-50,79],[-25,140],[59,-20]],[[3787,2591],[85,-27],[149,-24],[21,-35],[60,-9],[-20,-212],[16,-26],[50,78],[46,-29],[4,-60],[67,6]],[[3933,1454],[-138,89],[56,-13],[-4,32],[-76,-17],[-144,99],[-66,80]],[[3561,1724],[66,40],[9,-42],[42,10],[13,46],[89,91],[-25,35],[87,4],[-20,57],[-85,40],[-54,-57],[-97,44],[18,66]],[[3267,2009],[56,52],[52,-30],[69,47],[40,-61],[38,29],[9,57],[73,-45]],[[3561,1724],[-63,37],[-180,180],[-51,68]],[[3267,2009],[-68,57],[-96,113],[-112,152]],[[2991,2331],[47,44],[112,-10],[46,27],[-8,33],[72,17],[62,-20],[14,29],[85,5],[48,-32],[54,76]],[[3523,2500],[59,-53],[12,-42],[88,-25]],[[2945,2974],[43,-32],[53,-80],[38,-8],[58,37],[75,-22],[37,27],[40,-40],[51,20],[70,-56],[-22,-54],[61,10],[20,-60],[-13,-71],[67,-145]],[[2991,2331],[-168,251]],[[2823,2582],[93,76],[-88,51],[12,74],[-63,88],[38,76],[47,39],[83,-12]],[[3788,3429],[54,-96],[64,-12],[49,54],[50,-17],[34,-79],[42,9],[20,64],[59,5],[39,45]],[[3787,2591],[1,52],[-73,49],[-24,47],[0,98],[-51,42],[-16,83]],[[3624,2962],[41,17],[50,-36],[39,92],[-30,65],[-66,-28],[8,79],[-42,-2],[0,112],[49,22],[-11,96]],[[3662,3379],[54,-4],[72,54]],[[3624,2962],[-54,-3],[6,72],[-22,71],[15,49],[-54,12],[-24,54],[-91,22]],[[3400,3239],[6,20],[106,17],[3,84],[113,42],[34,-23]],[[3162,3428],[-33,-38],[13,-65],[40,-4],[90,46],[72,-51],[10,-76],[-41,-22],[20,-84],[60,39],[7,66]],[[2945,2974],[37,27],[-12,47],[-72,10],[-26,120],[39,22],[-56,106],[42,-32],[67,41],[60,-36],[0,46],[-45,1],[-4,86],[31,-30],[90,17],[24,67],[42,-38]],[[2823,2582],[-37,53],[-181,312],[-164,253],[-92,125]],[[2349,3325],[73,47],[-23,52],[-51,-10],[5,88],[33,54],[-16,28],[39,139],[3,64]],[[2412,3787],[29,59],[175,-41]],[[2616,3805],[-19,-101],[9,-57],[90,-25],[1,82],[26,-20],[91,17],[97,49],[34,-20],[-8,-88],[19,-105],[56,-17],[33,63]],[[3045,3583],[22,-63],[50,2],[45,-94]],[[1951,3787],[26,111],[58,15],[30,-67],[55,12],[2,89],[67,4],[9,72],[47,63],[40,13]],[[2285,4099],[23,-47],[32,15],[-13,76],[63,-10],[14,35],[50,-18],[0,-80],[-96,-35],[-9,-96],[-55,-31],[14,-140],[46,90],[58,-71]],[[2349,3325],[-168,170],[-66,96],[-81,83],[-83,113]],[[1951,3787],[-148,155],[-179,255],[-100,160],[-67,88],[-142,231],[33,49],[-47,15],[-5,118],[18,2],[13,94],[65,139],[109,106]],[[1989,4727],[-30,-112],[21,-92],[101,32],[9,-75],[-29,-72],[69,-41],[10,86],[50,19],[-17,-71],[16,-103],[71,10],[10,-106],[37,-37],[-22,-66]],[[2566,5074],[-48,-61],[38,-158],[-32,-22],[56,-191],[64,-52],[8,-177],[59,32],[62,-12],[-54,-83],[-8,-101],[45,-126],[67,-48],[-30,-62],[26,-83],[-28,-20],[-11,-74],[-28,-25],[-106,-17],[-30,11]],[[3364,4138],[-26,-73],[-67,-5],[12,-116],[-62,-27],[-16,91],[-35,10],[-32,-160],[-50,-34],[-26,-61],[17,-35],[-104,-17],[70,-128]],[[2658,4970],[85,-93],[17,86],[42,50],[104,-131],[18,-101],[54,27],[46,-10],[10,50],[44,19],[54,-115],[63,20],[21,-32]],[[3216,4740],[-8,-56],[-41,-35],[43,-56],[-22,-84],[53,-20],[-10,-81],[41,-71],[33,-5],[33,-74],[-8,-58],[34,-62]],[[2911,5132],[38,30],[193,-56]],[[3142,5106],[-89,-131],[-53,11],[-5,49],[-84,97]],[[2911,5132],[-12,60],[25,39],[130,7],[17,-78],[71,-20],[0,-34]],[[3951,6019],[61,-95],[-31,-25],[12,-69],[-55,-56],[42,-138],[-45,-17],[0,-86],[-64,-47],[-43,-154],[85,-65],[-50,-21],[-52,21],[-4,-73],[64,30],[17,-52],[-71,-17],[13,-34],[-56,7],[-20,52],[-5,-77],[-57,27],[-29,-78],[94,-5],[-49,-109],[68,-38],[18,-40],[-49,-39],[-46,2],[55,-47],[8,-71]],[[3762,4705],[59,-83],[45,17],[18,-69],[40,-27],[-50,-22],[-32,-86],[34,-86],[-43,-17],[-15,-103],[32,-25]],[[3850,4204],[-67,-69]],[[3783,4135],[-7,96],[-102,11],[-7,-33],[-60,-17],[-67,40],[-71,7],[-5,-66],[-45,-10],[7,-40]],[[3426,4123],[-62,15]],[[3216,4740],[92,47],[42,80],[72,-14],[13,-64],[93,-44],[37,2],[-14,88],[31,18],[-12,52],[29,46],[-51,62],[22,81],[-59,5],[-9,70],[81,17],[24,27],[-46,20],[-16,69],[-65,5],[18,106],[-10,51],[31,47],[66,-47],[13,35],[-55,49],[-3,76],[26,199]],[[3828,6115],[55,-15],[39,-76],[29,-5]],[[3426,4123],[43,-142],[-13,-78],[42,-33],[-13,-90],[51,-40],[36,15],[10,-51],[59,-30],[124,56],[26,-61],[-61,-88],[2,-52],[51,15],[5,-115]],[[3783,4135],[24,-119],[117,29],[48,-126],[7,-83],[56,35],[46,-52],[-31,-179],[19,-27],[84,110],[16,-31],[-14,-104],[76,52],[38,-76]],[[3850,4204],[63,23],[37,-30],[6,91],[58,-13],[58,25],[5,89],[200,24],[4,-37],[-65,-32],[-14,-125],[85,-22],[-22,-69],[102,10],[46,-49],[-39,-32],[34,-71],[0,-61],[-26,-50],[39,-17],[23,37]],[[4444,3895],[27,-86],[74,-61],[4,42],[47,-15],[10,-42]],[[4444,3895],[123,93],[-58,91],[28,138],[155,64],[-8,64],[-88,17],[-4,58],[-29,0],[12,62],[-8,111]],[[4567,4593],[45,64],[26,-35],[30,46]],[[4668,4668],[50,-4],[0,-57],[67,-135],[-46,-29],[-5,-66],[81,48],[-5,32],[63,57],[24,-42],[99,-7],[12,37],[-31,78],[-91,8],[-14,48],[35,74],[63,-7],[51,-47],[4,62]],[[5025,4718],[56,-49],[34,76],[39,-42],[-4,-108],[55,15],[20,63]],[[3762,4705],[30,-4],[74,71],[9,-49],[37,12],[9,103],[37,-133],[98,1],[8,43]],[[4064,4749],[22,-4],[29,-108],[50,61]],[[4165,4698],[9,-61],[116,22],[14,44]],[[4304,4703],[20,17]],[[4324,4720],[54,-68],[38,7],[76,-47],[75,-19]],[[4181,4708],[-37,10],[-9,61],[-76,13]],[[4059,4792],[50,29]],[[4109,4821],[71,-5],[48,34],[-5,-86],[84,8],[17,-52]],[[4304,4703],[-15,32],[-108,-27]],[[4181,4708],[-16,-10]],[[4064,4749],[-5,43]],[[4109,4821],[-11,68],[63,40],[11,64],[61,56],[-28,32],[14,66],[-34,109],[10,98],[25,12],[-9,74],[87,10],[-54,71],[38,61],[16,-52],[51,-7],[-8,140],[105,39],[16,59],[85,54]],[[4547,5815],[45,28],[22,-62],[52,0],[77,-35]],[[4743,5746],[59,-164],[-83,-88],[-26,-82],[11,-51],[-62,-86],[62,-54],[22,72],[31,-10],[45,-89],[-1,-41],[-50,-8],[-12,-86],[-38,-15],[-8,-66],[-55,71],[-57,12],[-64,-48],[79,-47],[-36,-88],[16,-52],[62,-57],[-3,-56],[33,-45]],[[3951,6019],[-4,86],[53,-7],[84,83],[22,-51],[71,61],[67,-226],[-50,-116],[-38,-11],[13,-42],[155,14],[41,-10],[-16,92],[-55,39],[5,84],[74,-33],[68,37],[1,103],[66,5],[34,-24]],[[4542,6103],[34,-91],[-69,-89],[40,-108]],[[4621,6646],[30,-165],[-38,-25],[-38,50],[-29,-13],[-74,-208],[70,-79],[0,-103]],[[3654,6215],[66,13],[101,-30],[22,126],[74,36],[-8,45],[143,125],[97,66],[20,34],[91,1],[22,-79],[-5,-100],[46,105],[-11,41],[53,-29],[12,56],[78,-11],[8,-52],[62,91],[96,-7]],[[4621,6646],[148,81],[33,-60],[54,18],[34,-91],[95,25],[69,56],[37,-47],[205,-51],[105,39],[97,-66],[54,24]],[[5552,6574],[-13,-115],[79,-69],[9,-78],[89,-121],[-34,-32],[-68,32],[2,-34],[-51,-18],[4,-66],[33,-14],[-11,-138]],[[5591,5921],[-124,-22],[-11,-45],[-84,10],[-62,42],[-99,-49],[-45,-44]],[[5166,5813],[-114,34],[-7,55],[-92,21],[-58,-32],[-51,8],[-35,76],[-37,3],[5,-75],[-68,-9],[38,-59],[-4,-89]],[[5166,5813],[47,-64],[34,32],[53,-3],[13,-49],[88,13],[34,-22],[-4,-62],[54,-120],[-100,-12],[4,-47],[71,-7],[-16,-42],[-65,25],[-15,-133]],[[5364,5322],[-38,46],[-80,-2],[-17,-44],[-53,32],[-64,-47],[-53,133],[-36,-42],[-100,12],[46,-120],[-12,-148],[29,-61],[-11,-98],[63,-17],[-27,-74],[30,-51],[-16,-123]],[[5791,5592],[-17,-69],[-34,10],[-12,-88],[-29,-17],[-8,-91],[-29,-52],[-72,-7],[-45,-89],[-56,22],[8,59],[-40,32],[-39,-24],[5,-54],[-55,26],[-4,72]],[[5591,5921],[66,7],[25,-95],[92,-18],[42,-191],[-25,-32]],[[5791,5592],[41,-57],[117,-15],[84,-53],[68,19],[42,-63],[9,-82],[37,-44],[3,74],[39,15]],[[6231,5386],[52,-6],[109,-68]],[[6392,5312],[28,-61],[-63,-72],[29,-78]],[[6386,5101],[-70,-22],[-58,-49],[-55,19],[3,59],[-30,74],[-104,12],[-32,66],[-60,-46],[-1,-79],[77,17],[7,-42],[-62,-41],[16,-148],[-38,0],[-29,84],[-64,-64],[5,-39],[-49,-22],[7,71],[-75,-15],[5,-52],[-77,-2],[-49,77],[-60,-30],[-36,39],[-35,-41],[1,-81],[-22,-10]],[[6209,5779],[7,-72],[79,-63],[-23,-104],[-50,35],[-45,-37],[46,-47],[8,-105]],[[5552,6574],[25,49],[110,-59],[8,57],[-48,-7],[-65,31],[-46,103],[79,141],[-58,34],[19,36],[-33,76],[-58,3],[-8,82],[20,80],[-24,54],[-87,30],[7,29]],[[5393,7313],[99,49],[177,-39],[97,-40],[17,-29],[-24,-108],[57,-22],[59,47],[42,118],[126,68],[43,52]],[[6086,7409],[53,-66]],[[6139,7343],[-41,-67],[-26,-171],[-131,-42],[34,-93],[-34,-116],[1,-115],[32,2],[17,88],[38,6],[21,-52],[78,19],[-13,-73],[-59,-20],[-64,-61],[-15,-155],[21,-68],[46,-18],[3,-61],[54,61],[52,-25],[7,-140],[-42,-85],[17,-69],[-29,-155],[51,-135],[24,20],[4,93],[24,-132]],[[6386,5101],[76,-20],[25,-44],[70,-3],[38,-44],[86,50]],[[6392,5312],[-27,108],[22,57],[67,21],[19,49],[-7,84],[46,3],[59,63],[37,77],[30,-39],[24,85],[84,17],[-27,67],[49,19],[11,42],[40,-2]],[[6819,5963],[101,-64],[45,-50]],[[6819,5963],[-21,76],[49,4],[26,175]],[[6873,6218],[49,10],[34,-84],[39,3]],[[6995,6147],[33,17],[105,-49],[83,-5],[76,44],[7,150],[-137,35]],[[7162,6339],[-54,56]],[[7108,6395],[-2,36]],[[7106,6431],[56,70]],[[7162,6501],[58,17],[64,-30]],[[7284,6488],[57,-44],[95,-179]],[[7067,6432],[-23,-35]],[[7044,6397],[-16,-17]],[[7028,6380],[-18,62]],[[7010,6442],[57,-10]],[[7006,6466],[12,54]],[[7018,6520],[9,-30]],[[7027,6490],[-19,-44]],[[7008,6446],[-2,20]],[[6976,6262],[51,106]],[[7027,6368],[1,0]],[[7028,6368],[17,-12]],[[7045,6356],[9,-20]],[[7054,6336],[-8,-15]],[[7046,6321],[-23,-51],[-44,-18]],[[6979,6252],[-3,10]],[[6983,6174],[-4,78]],[[7046,6321],[-3,-66]],[[7043,6255],[-60,-81]],[[6976,6262],[-31,12]],[[6945,6274],[41,99]],[[6986,6373],[41,-5]],[[7028,6380],[0,-12]],[[6986,6373],[-1,22]],[[6985,6395],[23,51]],[[7008,6446],[2,-4]],[[7054,6336],[41,-20]],[[7095,6316],[-12,-49],[-40,-12]],[[7044,6397],[43,-9]],[[7087,6388],[-42,-32]],[[7067,6432],[39,-1]],[[7108,6395],[-21,-7]],[[7027,6490],[127,50],[8,-39]],[[7162,6339],[-67,-23]],[[6985,6395],[-51,17]],[[6934,6412],[43,71],[29,-17]],[[6945,6274],[-22,84]],[[6923,6358],[11,54]],[[6995,6147],[-12,27]],[[6873,6218],[-17,86]],[[6856,6304],[67,54]],[[6821,6370],[85,138],[-24,59],[79,66]],[[6961,6633],[9,-67],[48,-46]],[[6856,6304],[-38,20],[3,46]],[[6650,6506],[72,-65],[8,-54],[63,28],[28,-45]],[[6209,5779],[60,83],[4,71],[39,61],[49,3],[4,157],[-13,72],[63,39],[22,150],[-14,81]],[[6423,6496],[50,37],[59,-37],[39,-64],[12,-74],[42,32],[-22,67],[47,49]],[[6139,7343],[50,12],[-12,-66],[39,-67],[70,37],[112,-42],[13,-44],[54,40],[35,-18],[38,74],[54,-100]],[[6592,7169],[-56,-94],[4,-52],[-87,-85],[-16,-67],[-35,-22],[13,-113],[-24,-44],[28,-111],[-34,-10],[-4,-80],[42,5]],[[6650,6506],[10,39],[49,-47],[84,106],[-41,-10],[-26,46],[85,57],[-38,197],[16,36],[76,-2],[-2,86],[77,36]],[[6940,7050],[116,-15],[-7,-34]],[[7049,7001],[-68,-66],[-13,-101]],[[6968,6834],[-24,-34],[28,-42],[-11,-125]],[[7233,6986],[-12,37],[-118,-4],[-54,-18]],[[6940,7050],[-26,65]],[[6914,7115],[27,24],[35,120],[48,5],[25,98]],[[7049,7362],[12,55],[51,-30],[4,106],[33,41],[50,-37],[0,-61],[63,-10],[20,-44],[95,-7]],[[7377,7375],[27,-89],[-36,-128],[-34,20],[-75,-57]],[[7259,7121],[12,-43],[-38,-92]],[[7233,6986],[-24,-56],[-14,-216],[-26,-64],[-75,10],[-33,101],[-93,73]],[[7259,7121],[25,10],[33,-83],[68,-2],[11,-72]],[[7396,6974],[-15,-83],[-34,-47],[12,-272],[-76,-52],[1,-32]],[[7396,6974],[73,-12],[73,20],[43,-172],[68,42],[-9,39],[42,39],[29,-39]],[[7715,6891],[-33,-45],[-38,-208],[66,-5]],[[7377,7375],[38,-13],[7,96]],[[7422,7458],[117,-15],[17,-24],[92,-12],[114,31],[-34,-46],[33,-44],[43,58],[45,-58],[66,2],[34,49]],[[7949,7399],[-24,-69],[-47,-42],[1,-95],[25,-57],[-29,-41],[-67,2],[41,-52],[-19,-76]],[[7830,6969],[-35,-51],[-80,-27]],[[7830,6969],[2,-83],[50,71],[23,-17],[54,37],[95,-17],[19,68],[70,8],[72,56],[36,0],[15,52],[73,17],[17,59],[39,9],[-10,62],[-37,5],[55,103]],[[8403,7399],[18,-2],[53,-113],[-39,-39],[15,-47],[62,-15],[-28,42],[49,10],[-31,-177],[51,10],[43,103],[25,-49]],[[7949,7399],[-7,64],[53,37],[18,118],[66,53]],[[8079,7671],[43,-129],[45,118],[89,-8],[56,-27],[23,-132],[56,-37],[12,-57]],[[8079,7671],[11,65],[-28,19],[0,76],[-27,47],[-43,-41],[9,56],[-47,29],[-32,-44]],[[7922,7878],[-19,14],[21,77],[54,74],[68,46],[26,88],[-17,28]],[[8055,8205],[68,-101],[32,12],[-8,101],[79,-7],[27,61],[33,-12]],[[8286,8259],[-42,-111],[20,-49],[-17,-88],[22,-55],[71,28],[81,-116],[57,-49],[4,-128],[24,-74],[69,94],[75,-5],[66,-61],[-37,-201],[33,-37],[-41,-135]],[[7532,8504],[28,37],[49,196],[51,84],[37,132],[21,23],[18,103],[-95,41],[-10,103]],[[7631,9223],[39,30],[-42,59],[42,64],[-14,64],[50,69],[59,-35],[68,64],[20,-81],[-3,-81],[-33,-55],[133,-94],[63,54],[33,-23],[-33,-67],[-28,20],[-13,-76],[-61,-2],[-11,-60],[-35,-39],[-53,-169],[101,-135],[120,-54],[-37,-115],[71,-74],[71,37],[55,76],[14,115],[61,29],[-7,-88],[70,-81],[-8,-76],[18,-89],[-1,-112],[-54,-39]],[[8055,8205],[-38,-20],[-16,56],[-60,-36],[-16,113],[20,41],[-104,44],[-113,27],[-89,67],[-20,-25],[-87,32]],[[7383,7988],[8,35],[-33,71],[22,101],[-3,61],[41,54],[-17,27],[58,76],[20,81]],[[7479,8494],[53,10]],[[7922,7878],[-34,-17],[-39,-74],[-45,-9],[-47,41],[4,52],[-37,29],[-21,-83],[-80,-32],[3,58],[-62,-2],[-8,34],[-89,-48],[-87,36]],[[7380,7863],[3,125]],[[7422,7458],[-35,91],[52,44],[-37,67],[24,61],[-46,142]],[[7049,7362],[-46,-2],[-34,96],[-38,26]],[[6931,7482],[17,64],[46,1],[41,73],[98,-3],[-21,111],[30,10],[19,61]],[[7161,7799],[33,79]],[[7194,7878],[85,25],[37,71],[67,14]],[[6818,7637],[54,-213],[50,-23],[9,81]],[[6914,7115],[-75,-3],[-9,36],[-92,28]],[[6738,7176],[25,80],[-8,96],[55,18],[-7,47],[-39,7],[-20,63],[-35,-29],[-41,62],[4,78],[42,-22],[63,103],[41,-42]],[[6592,7169],[146,7]],[[6086,7409],[-9,93],[-25,23],[58,83],[46,30],[60,-20],[14,-130],[64,22],[4,96],[25,-50],[64,22],[58,55],[25,-30],[41,41],[60,-58],[29,64],[-3,90],[-43,-12],[16,76]],[[6570,7804],[56,-17],[32,52]],[[6658,7839],[19,-10],[11,-94],[75,50],[46,-8],[51,-76],[-42,-64]],[[6658,7839],[13,27],[123,0],[12,83],[46,27],[4,-39],[47,10],[54,76],[50,20],[30,-30],[4,-73],[38,-18],[25,-68],[-18,-47],[75,-8]],[[6570,7804],[15,67],[43,48],[-40,52],[29,69],[-32,81]],[[6585,8121],[36,0],[8,61],[55,10],[29,-26],[102,83],[42,-44]],[[6857,8205],[28,-77],[76,-29],[42,44],[71,-12],[42,20],[-21,-49],[67,-18],[-17,-39],[50,-123],[-1,-44]],[[6857,8205],[21,88]],[[6878,8293],[67,25],[69,-15],[34,37],[5,59],[84,31],[-9,79],[-25,30],[38,63]],[[7141,8602],[13,-32],[79,45],[97,0],[12,44],[70,-125],[45,5],[22,-45]],[[6532,8605],[22,-54],[129,-52],[23,-132],[97,24],[66,-34],[9,-64]],[[6585,8121],[-10,59],[-54,-19],[-5,71],[-76,-12],[-51,29],[-32,54],[-75,-40],[-18,65],[26,38],[-42,35],[-21,93]],[[6227,8494],[54,1],[-4,59],[43,-18],[61,76],[-17,88],[-82,-12],[45,69],[40,-7],[6,-49],[43,-25],[28,81]],[[6444,8757],[46,-51],[-28,-30],[24,-86],[46,15]],[[6080,8212],[-68,133],[1,127],[52,-37],[33,8],[20,-56],[80,56],[-45,47],[18,80],[56,-76]],[[6570,7804],[-65,5],[-14,72],[-59,43],[-45,-24],[-47,22],[-39,-41],[-49,49],[-59,-13],[-66,-85],[-21,24],[20,66],[52,3],[-5,51],[-47,12],[-25,96],[-29,49],[8,79]],[[5393,7313],[-38,-5],[14,108]],[[5369,7416],[37,57],[67,49],[51,-49],[62,15],[-8,71],[-60,14],[-30,94],[94,46],[46,-32],[-34,69],[33,18],[51,-72],[46,25],[-33,81],[32,-20],[56,45],[21,-69],[57,12],[4,54],[-35,-5],[2,81],[37,66],[-49,-4],[34,83],[-80,0],[-7,52]],[[5763,8097],[59,34],[79,-13],[16,47],[163,47]],[[5557,8354],[75,22],[15,-69],[31,-19],[-12,-98],[16,-35],[81,-58]],[[5369,7416],[-93,-113],[-20,10],[4,128],[33,39],[-76,24],[0,131],[-46,-51],[-25,102],[-34,13],[-83,-20],[-127,32],[3,115],[-24,42],[-55,15],[-45,-20],[50,-42],[-64,-108],[4,-71],[-78,-15],[-25,-41],[-51,59],[-8,80],[50,52],[4,89],[-28,59],[13,169],[61,142],[186,67],[120,-12],[-8,44],[41,76]],[[5048,8411],[124,-42],[29,-79],[49,33],[-3,90],[62,89],[24,-118],[73,17],[7,42],[84,-116],[60,27]],[[6197,8843],[35,-32],[104,44],[114,-44]],[[6450,8811],[-6,-54]],[[5557,8354],[-6,91],[93,12],[-45,15],[32,115]],[[5631,8587],[85,-29],[21,32],[100,-22],[63,41],[-20,50],[37,86],[96,22],[6,49],[61,-17],[41,22],[56,-15],[20,37]],[[5631,8587],[9,62],[-42,47],[33,34],[-45,130],[-5,71],[-42,69],[64,49]],[[5603,9049],[57,44],[5,74],[68,-7],[68,-44],[61,61],[126,167],[-12,41],[16,91],[38,8]],[[6030,9484],[9,-54],[121,12]],[[6160,9442],[22,-29],[-17,-62],[79,-34],[4,-41],[-59,-33],[34,-90],[-58,-146],[28,-53],[4,-111]],[[6160,9442],[76,32],[50,-44],[74,15],[60,61],[89,-63],[20,56],[46,-54],[-17,-56],[-50,45],[-1,-44],[88,-53],[-55,-86],[-8,-86],[43,5],[-33,-62],[-20,-91],[32,-15]],[[6554,9002],[-22,-132],[-52,10],[-30,-69]],[[6554,9002],[83,6],[22,-55],[66,152],[-12,40],[24,82]],[[6737,9227],[40,-9],[19,-53],[56,-47],[-9,-52],[66,25],[38,-24],[74,-114]],[[7021,8953],[-17,-85],[-53,-62],[51,-34],[-33,-32],[-47,36],[-19,-43],[-34,32],[-52,-62],[-46,41],[-57,-33],[-94,26],[-88,-132]],[[7021,8953],[64,52],[43,-122],[42,2],[26,-96],[-13,-118],[-42,-69]],[[6737,9227],[23,73],[82,44]],[[6842,9344],[68,5],[-12,90],[66,118],[72,-70],[112,-37],[55,7],[1,-89],[64,-132],[129,-3],[83,20],[85,-84],[66,54]],[[5887,9778],[21,148],[85,-22],[13,-77],[94,64],[1,47],[92,61],[51,-19],[0,-98],[50,-42],[46,4],[63,-56],[68,50],[134,-52],[62,20],[-20,-54],[-43,-18],[-59,30],[-41,-40],[70,-91],[98,30],[46,-115],[54,17],[42,-32],[-17,-72],[45,-117]],[[6030,9484],[-35,203],[-39,47],[-60,-16],[-9,60]],[[5359,9935],[147,-11],[71,-82],[87,45],[139,32],[10,-102],[74,-39]],[[5603,9049],[-129,71],[4,116],[-56,27],[-13,44],[43,13],[15,66],[-49,26],[13,104],[-14,36],[-46,-21],[-41,118],[-50,12],[-14,75],[77,-29],[41,32],[9,57],[-29,41],[-5,98]],[[5004,9788],[45,77],[49,25],[40,-72],[167,113],[54,4]],[[5048,8411],[-48,37],[66,112],[-17,25],[34,152],[-94,8],[6,90],[55,-54],[83,62],[-72,51],[-41,74],[21,40],[-9,107],[139,99],[-20,96],[-81,5],[30,87],[-34,18],[29,67],[4,95],[-87,0],[-51,-20],[9,81],[70,27],[-2,71],[-34,47]],[[3313,7169],[29,0]],[[3342,7169],[-54,-109],[9,-100],[-51,-17],[4,-89],[58,0],[-20,-111],[29,-24],[-82,-64],[3,-56],[-42,-8],[-29,-76],[-46,2],[-35,-100],[-37,10],[-45,-42],[13,-44],[84,-18],[57,-92]],[[3158,6231],[-106,-84],[31,-39],[76,5],[-8,-23],[-208,-42]],[[2943,6048],[-10,76],[-29,13],[-22,73],[-173,45],[-24,49],[29,44],[-21,34],[-45,-12],[-64,37],[-17,-49],[-60,8],[-15,58],[-79,-5],[-25,-32]],[[2388,6387],[-5,72],[-56,-1],[17,106],[68,96],[52,37],[91,0],[-14,49],[18,143],[-39,90],[-32,23],[28,176],[39,17],[17,-49],[37,49],[34,-44],[71,10],[7,52],[77,2],[42,32],[47,-17],[-10,-77],[55,13],[34,-29],[58,29],[30,-74],[74,-7],[64,19],[16,47]],[[3208,7151],[6,-54],[59,-32],[40,104]],[[2388,6387],[-56,-37],[-112,23],[-37,44],[-1,49],[-63,64],[9,128],[-51,-20],[7,-78],[-32,29],[4,100],[-73,-29]],[[1983,6660],[-32,42],[42,59],[38,-17],[42,29],[-30,44],[34,30],[-16,101],[27,78],[-31,74],[70,2],[25,49],[60,-5],[-15,50],[93,-6],[44,57],[-11,51]],[[2323,7298],[35,52],[38,2],[29,92],[38,-84],[99,-3],[63,-90],[47,49],[-13,182],[-87,12],[-34,51],[-122,-17],[-24,74],[23,120],[-66,-44],[-88,22],[-64,-42],[-137,-27],[-28,45],[-94,-23],[-13,35],[-71,-49],[-8,49],[-38,-40],[-131,22]],[[1677,7686],[6,96],[-76,130]],[[1607,7912],[6,96],[125,-66],[33,7],[-70,96],[43,86],[34,-29],[99,-16],[53,-66],[97,-19],[49,61],[27,-7],[58,46],[124,5],[32,-66],[45,-22],[101,-8],[33,106],[-33,64],[41,162],[101,91],[117,-50],[172,-108],[34,-80],[-59,-111],[3,-58],[42,-87],[-12,-44],[-71,-17],[-54,13],[24,-87],[38,-9],[61,-172],[43,-62],[61,-12],[41,59],[4,-66],[-63,-8],[-7,-95],[38,54],[83,-23],[-85,-24],[35,-67],[-71,-12],[33,-95],[62,68],[8,-71],[61,15],[95,98],[34,-105],[-46,-27],[5,-57]],[[3231,7193],[-23,-42]],[[1415,6203],[112,175],[-38,71],[82,22],[-7,64],[68,34],[-1,40],[169,14],[63,54],[76,-58],[44,41]],[[2943,6048],[-67,-9],[-49,-56],[-83,-11],[-89,-34],[-29,-41],[-74,-42],[-38,-74],[-50,0],[4,42],[-52,-20],[-75,71],[-135,-19],[-45,15],[-37,-25],[-60,49],[-33,-7],[80,-86],[-35,4],[-116,109],[-77,41],[-103,-5],[-105,35],[-9,39],[-109,74]],[[1557,6098],[-142,105]],[[1415,6203],[-56,28],[-292,237],[-54,20]],[[1013,6488],[0,105],[-39,-26],[-24,93],[-61,8],[1,46],[-55,74],[-4,51],[56,-12],[69,73],[-23,97],[-35,14],[1,71],[-26,5],[-29,-85],[-17,85],[-38,64],[12,71],[-73,18],[-81,100],[-42,182],[6,176],[15,3],[54,125],[-16,69],[43,45],[49,-23],[10,44],[75,50],[8,96],[87,43],[33,45],[72,0],[71,-29],[69,-1],[10,-54],[53,-32],[113,-26],[4,-64],[77,-50],[19,-51],[71,-40],[79,64]],[[1677,7686],[35,-81],[105,-4],[59,-60],[43,-88],[85,10],[53,35],[63,-82],[62,-29],[4,84],[51,61],[75,22],[-4,-142],[15,-114]],[[1531,5639],[26,459]],[[3158,6231],[58,120],[23,-84],[-39,-10],[25,-100],[75,20],[-9,46],[-49,3],[49,98],[51,-72],[-9,116],[-40,90],[-71,-92],[21,58],[66,101],[21,115],[31,33],[42,-16],[61,50],[-11,69],[91,-8],[20,25],[98,0]],[[3662,6793],[-16,-35],[70,-34],[46,-49],[177,0],[53,19],[39,92],[57,-38],[39,101],[142,29],[-17,91],[42,69],[63,17],[24,52],[131,-13],[51,116],[-6,40],[133,7],[15,69],[-45,88],[-1,83],[-33,13],[-18,74],[-28,2],[-17,159],[-42,13],[-37,83],[-90,61],[-37,0],[-15,-61],[-48,52],[17,63],[72,52],[45,84],[-3,59],[-64,56],[-141,49],[-110,25],[-106,39],[-50,37],[-112,-49],[-13,-44],[45,-69],[21,-76],[72,-79],[9,-116],[-21,-54],[-105,70],[-28,-45],[-31,35],[-63,-6],[-9,-66],[64,-110],[-58,7],[-52,-85],[-246,-187],[-33,-87]],[[3394,7396],[-1,-122],[25,-72],[-76,-33]],[[3313,7169],[-82,24]],[[1013,6488],[-48,59],[-86,67],[-47,78],[-87,98],[63,84],[-17,63],[-31,-68],[-70,17],[-18,-32],[-12,71],[45,74],[75,17],[-79,37],[-5,41],[-67,28],[-84,-10],[-25,76],[10,76],[-46,-68],[-30,31],[27,116],[95,101],[-97,-70],[-139,16],[-25,181],[-62,34],[-141,-7],[-57,17],[-55,71],[77,60],[37,76],[-5,90],[38,118],[10,186],[72,59],[33,84],[68,-32],[28,104],[32,12],[5,-69],[21,57],[256,12],[298,37],[42,638],[-8,44],[92,66],[37,-216],[48,-21],[41,127],[67,51],[43,-70],[21,-87],[42,-24],[148,96],[152,-81],[185,88],[106,-25],[119,15],[55,-25],[164,49],[225,-264],[453,-8],[74,57],[70,211],[218,66],[92,51],[108,10],[89,60],[227,88],[41,-27],[-33,-98],[-30,-27],[34,-173],[-12,-39],[112,-66],[122,-19],[176,26],[114,76],[-46,26],[3,60],[110,108],[61,30],[77,-30],[72,79],[45,15],[4,81],[-138,7],[-42,20],[9,182],[-26,41],[3,125],[31,69],[41,18],[97,90],[18,-26],[281,-136]],[[3272,8185],[79,-96],[207,-100],[71,105],[-1,57],[67,56],[46,81],[-87,15],[-111,-13],[-25,43],[-41,-35],[-105,-10],[-100,42],[-25,-27],[25,-118]],[[4718,7433],[58,-7],[-32,59],[-64,30],[38,-82]],[[3662,6793],[29,26],[78,129],[85,14],[1,42],[-58,39],[-43,-37],[-46,23],[0,166],[-67,40],[-94,115],[14,34],[-59,-12],[-24,-78],[-84,102]],[[9070,1771],[38,-47],[16,-139],[22,-18],[-10,-174],[17,-39],[-46,-42],[-55,14],[-36,-78],[-64,-2],[29,-40],[9,-115],[-94,-47],[-62,-76],[-75,22],[-55,-34],[-50,42],[-18,93],[-49,44],[-45,3],[-27,48],[-44,1],[-26,-39],[-5,73],[-34,79]],[[8833,2095],[84,-29],[31,37],[-25,-86],[75,-96]]],"transform":{"scale":[0.0006389236277437002,0.00045906217871871305],"translate":[68.11078421386942,20.10403533368107]}}