{"type":"Topology","objects":{"Pondicherry":{"type":"GeometryCollection","bbox":[75.5270680391823,10.81181599229874,82.308972353549,16.783251696949318],"geometries":[{"type":"Polygon","properties":{"ac":"27","ASSEMBLY_1":"KARAIKAL SOUTH","DISTRICT":"KARAIKAL","PARLIAMENT":"1","P_NAME":"PONDICHERRY","STATE_UT":"PONDICHERRY"},"arcs":[[0,1,2,3]]},{"type":"Polygon","properties":{"ac":"26","ASSEMBLY_1":"KARAIKAL NORTH","DISTRICT":"KARAIKAL","PARLIAMENT":"1","P_NAME":"PONDICHERRY","STATE_UT":"PONDICHERRY"},"arcs":[[4,5,6,-4]]},{"type":"Polygon","properties":{"ac":"25","ASSEMBLY_1":"THIRUNALLAR","DISTRICT":"KARAIKAL","PARLIAMENT":"1","P_NAME":"PONDICHERRY","STATE_UT":"PONDICHERRY"},"arcs":[[7,8,9,10,11,-5,-3]]},{"type":"Polygon","properties":{"ac":"24","ASSEMBLY_1":"NEDUNGADU  (SC)","DISTRICT":"KARAIKAL","PARLIAMENT":"1","P_NAME":"PONDICHERRY","STATE_UT":"PONDICHERRY"},"arcs":[[-12,12,-6]]},{"type":"Polygon","properties":{"ac":"20","ASSEMBLY_1":"MANAVELY","DISTRICT":"PUDUCHERRY","PARLIAMENT":"1","P_NAME":"PONDICHERRY","STATE_UT":"PONDICHERRY"},"arcs":[[13,14,15,16]]},{"type":"Polygon","properties":{"ac":"19","ASSEMBLY_1":"ARIANKUPPAM","DISTRICT":"PUDUCHERRY","PARLIAMENT":"1","P_NAME":"PONDICHERRY","STATE_UT":"PONDICHERRY"},"arcs":[[17,18,-17,19,20,21]]},{"type":"Polygon","properties":{"ac":"18","ASSEMBLY_1":"MUDALIARPET","DISTRICT":"PUDUCHERRY","PARLIAMENT":"1","P_NAME":"PONDICHERRY","STATE_UT":"PONDICHERRY"},"arcs":[[22,23,-22,24,25]]},{"type":"Polygon","properties":{"ac":"17","ASSEMBLY_1":"NELLITHOPE","DISTRICT":"PUDUCHERRY","PARLIAMENT":"1","P_NAME":"PONDICHERRY","STATE_UT":"PONDICHERRY"},"arcs":[[26,27,-23,28,29]]},{"type":"Polygon","properties":{"ac":"16","ASSEMBLY_1":"ORLEAMPETH","DISTRICT":"PUDUCHERRY","PARLIAMENT":"1","P_NAME":"PONDICHERRY","STATE_UT":"PONDICHERRY"},"arcs":[[30,31,-28,32]]},{"type":"Polygon","properties":{"ac":"15","ASSEMBLY_1":"OUPALAM","DISTRICT":"PUDUCHERRY","PARLIAMENT":"1","P_NAME":"PONDICHERRY","STATE_UT":"PONDICHERRY"},"arcs":[[-24,-32,33,34,-18]]},{"type":"Polygon","properties":{"ac":"14","ASSEMBLY_1":"RAJ BHAVAN","DISTRICT":"PUDUCHERRY","PARLIAMENT":"1","P_NAME":"PONDICHERRY","STATE_UT":"PONDICHERRY"},"arcs":[[-31,35,36,37,-34]]},{"type":"Polygon","properties":{"ac":"13","ASSEMBLY_1":"MUTHIALPET","DISTRICT":"PUDUCHERRY","PARLIAMENT":"1","P_NAME":"PONDICHERRY","STATE_UT":"PONDICHERRY"},"arcs":[[38,39,-37]]},{"type":"Polygon","properties":{"ac":"11","ASSEMBLY_1":"LAWSPET","DISTRICT":"PUDUCHERRY","PARLIAMENT":"1","P_NAME":"PONDICHERRY","STATE_UT":"PONDICHERRY"},"arcs":[[40,41,42,43,44]]},{"type":"Polygon","properties":{"ac":"10","ASSEMBLY_1":"KAMRAJ NAGAR","DISTRICT":"PUDUCHERRY","PARLIAMENT":"1","P_NAME":"PONDICHERRY","STATE_UT":"PONDICHERRY"},"arcs":[[45,46,-39,-36,-33,-27,47,-44]]},{"type":"Polygon","properties":{"ac":"9","ASSEMBLY_1":"THATTANCHAVADY","DISTRICT":"PUDUCHERRY","PARLIAMENT":"1","P_NAME":"PONDICHERRY","STATE_UT":"PONDICHERRY"},"arcs":[[-48,-30,48,49,-45]]},{"type":"Polygon","properties":{"ac":"8","ASSEMBLY_1":"INDIRA NAGAR","DISTRICT":"PUDUCHERRY","PARLIAMENT":"1","P_NAME":"PONDICHERRY","STATE_UT":"PONDICHERRY"},"arcs":[[50,51,52,53,-41,-50,54]]},{"type":"Polygon","properties":{"ac":"7","ASSEMBLY_1":"KADIRGAMAM","DISTRICT":"PUDUCHERRY","PARLIAMENT":"1","P_NAME":"PONDICHERRY","STATE_UT":"PONDICHERRY"},"arcs":[[55,-51]]},{"type":"Polygon","properties":{"ac":"6","ASSEMBLY_1":"OZHUKARAI","DISTRICT":"PUDUCHERRY","PARLIAMENT":"1","P_NAME":"PONDICHERRY","STATE_UT":"PONDICHERRY"},"arcs":[[-55,-49,-29,-26,56,57,-52,-56]]},{"type":"Polygon","properties":{"ac":"5","ASSEMBLY_1":"VILLIANUR","DISTRICT":"PUDUCHERRY","PARLIAMENT":"1","P_NAME":"PONDICHERRY","STATE_UT":"PONDICHERRY"},"arcs":[[58,59,60,-57,-25,-21,61,62]]},{"type":"Polygon","properties":{"ac":"4","ASSEMBLY_1":"MANGALAM","DISTRICT":"PUDUCHERRY","PARLIAMENT":"1","P_NAME":"PONDICHERRY","STATE_UT":"PONDICHERRY"},"arcs":[[63,-15,64,65,66,67,-63]]},{"type":"Polygon","properties":{"ac":"1","ASSEMBLY_1":"MANNADIPET","DISTRICT":"PUDUCHERRY","PARLIAMENT":"1","P_NAME":"PONDICHERRY","STATE_UT":"PONDICHERRY"},"arcs":[[68,69],[70,71]]},{"type":"Polygon","properties":{"ac":"2","ASSEMBLY_1":"THIRUBHUVANAI (SC)","DISTRICT":"PUDUCHERRY","PARLIAMENT":"1","P_NAME":"PONDICHERRY","STATE_UT":"PONDICHERRY"},"arcs":[[72,73],[-71,74]]},{"type":"Polygon","properties":{"ac":"12","ASSEMBLY_1":"KALAPET","DISTRICT":"PUDUCHERRY","PARLIAMENT":"1","P_NAME":"PONDICHERRY","STATE_UT":"PONDICHERRY"},"arcs":[[-43,75,-46]]},{"type":"Polygon","properties":{"ac":"21","ASSEMBLY_1":"EMBALAM (SC)","DISTRICT":"PUDUCHERRY","PARLIAMENT":"1","P_NAME":"PONDICHERRY","STATE_UT":"PONDICHERRY"},"arcs":[[-66,76],[77,78]]},{"type":"Polygon","properties":{"ac":"3","ASSEMBLY_1":"OUSSUDU (SC)","DISTRICT":"PUDUCHERRY","PARLIAMENT":"1","P_NAME":"PONDICHERRY","STATE_UT":"PONDICHERRY"},"arcs":[[79,-70,80,-59,-68,81,-73],[52,-83,60,57]]},{"type":"Polygon","properties":{"ac":"28","ASSEMBLY_1":"NERAVY T R PATTINAM","DISTRICT":"KARAIKAL","PARLIAMENT":"1","P_NAME":"PONDICHERRY","STATE_UT":"PONDICHERRY"},"arcs":[[-2,83,-8],[-10,84]]}]}},"arcs":[[[6423,162],[0,-14]],[[6423,148],[-67,-5]],[[6356,143],[9,44]],[[6365,187],[58,-25]],[[6365,187],[-6,13]],[[6359,200],[67,26]],[[6426,226],[-3,-64]],[[6356,143],[-21,-10]],[[6335,133],[-17,2]],[[6318,135],[-23,10]],[[6295,145],[1,78]],[[6296,223],[63,-23]],[[6296,223],[130,3]],[[6388,1805],[-74,-30]],[[6314,1775],[3,2]],[[6317,1777],[33,36]],[[6350,1813],[38,-8]],[[6375,1859],[25,-7]],[[6400,1852],[-12,-47]],[[6350,1813],[-9,6]],[[6341,1819],[0,31]],[[6341,1850],[34,9]],[[6359,1862],[20,3]],[[6379,1865],[-4,-6]],[[6341,1850],[0,5]],[[6341,1855],[18,7]],[[6369,1888],[12,-7]],[[6381,1881],[-2,-16]],[[6359,1862],[-6,24]],[[6353,1886],[16,2]],[[6388,1881],[7,-9]],[[6395,1872],[-16,-7]],[[6381,1881],[7,0]],[[6395,1872],[9,-2]],[[6404,1870],[-4,-18]],[[6388,1881],[3,9]],[[6391,1890],[22,13]],[[6413,1903],[-9,-33]],[[6391,1890],[10,29]],[[6401,1919],[12,-16]],[[6363,1907],[-1,7]],[[6362,1914],[6,16]],[[6368,1930],[23,-11]],[[6391,1919],[-12,-13]],[[6379,1906],[-16,1]],[[6391,1919],[6,1]],[[6397,1920],[4,-1]],[[6369,1888],[10,18]],[[6353,1886],[0,4]],[[6353,1890],[10,17]],[[6353,1891],[-18,-5]],[[6335,1886],[-20,-1]],[[6315,1885],[2,13]],[[6317,1898],[45,16]],[[6353,1890],[0,1]],[[6353,1891],[-18,-5]],[[6341,1855],[-29,18]],[[6312,1873],[3,12]],[[6264,1850],[22,25]],[[6286,1875],[16,-3]],[[6302,1872],[10,1]],[[6341,1819],[-29,10]],[[6312,1829],[-48,21]],[[6312,1829],[5,-52]],[[6314,1775],[-19,-9]],[[6295,1766],[-69,24]],[[6226,1790],[35,52]],[[6261,1842],[3,8]],[[6232,1966],[10,10]],[[6242,1976],[-10,-10]],[[6133,1890],[-26,1]],[[6107,1891],[26,-1]],[[6213,1924],[12,-31]],[[6225,1893],[-12,31]],[[6133,1890],[-26,1]],[[6368,1930],[29,-10]],[[6295,1766],[-69,24]],[[6359,1670],[-92,48]],[[6267,1718],[92,-48]],[[6213,1924],[19,42]],[[6242,1976],[44,-101]],[[6261,1842],[-36,51]],[[6302,1872],[15,26]],[[6423,148],[-4,-147],[-84,132]],[[6318,135],[-23,10]]],"transform":{"scale":[0.0006782582572623961,0.0005972032907941372],"translate":[75.5270680391823,10.81181599229874]}}