{"type":"Topology","objects":{"Punjab":{"type":"GeometryCollection","bbox":[73.89928870251626,29.525876448305066,76.9497819887522,32.544023893299666],"geometries":[{"type":"Polygon","properties":{"ac":"117","ASSEMBLY_1":"SHUTRANA (SC)","DISTRICT":"PATIALA","PARLIAMENT":"13","P_NAME":"PATIALA","STATE_UT":"PUNJAB"},"arcs":[[0,1,2,3]]},{"type":"Polygon","properties":{"ac":"116","ASSEMBLY_1":"SAMANA","DISTRICT":"PATIALA","PARLIAMENT":"13","P_NAME":"PATIALA","STATE_UT":"PUNJAB"},"arcs":[[-3,4,5,6,7,8,9,10,11,12]]},{"type":"Polygon","properties":{"ac":"115","ASSEMBLY_1":"PATIALA","DISTRICT":"PATIALA","PARLIAMENT":"13","P_NAME":"PATIALA","STATE_UT":"PUNJAB"},"arcs":[[13,-11,14]]},{"type":"Polygon","properties":{"ac":"114","ASSEMBLY_1":"SANOUR","DISTRICT":"PATIALA","PARLIAMENT":"13","P_NAME":"PATIALA","STATE_UT":"PUNJAB"},"arcs":[[15,16,17,18,-12,-14]]},{"type":"Polygon","properties":{"ac":"113","ASSEMBLY_1":"GHANAUR","DISTRICT":"PATIALA","PARLIAMENT":"13","P_NAME":"PATIALA","STATE_UT":"PUNJAB"},"arcs":[[-18,19,20,21,22]]},{"type":"Polygon","properties":{"ac":"112","ASSEMBLY_1":"DERA BASSI","DISTRICT":"PATIALA","PARLIAMENT":"13","P_NAME":"PATIALA","STATE_UT":"PUNJAB"},"arcs":[[23,-22,24,25]]},{"type":"Polygon","properties":{"ac":"111","ASSEMBLY_1":"RAJPURA","DISTRICT":"PATIALA","PARLIAMENT":"13","P_NAME":"PATIALA","STATE_UT":"PUNJAB"},"arcs":[[-21,26,27,28,29,-25]]},{"type":"Polygon","properties":{"ac":"110","ASSEMBLY_1":"PATIALA RURAL","DISTRICT":"PATIALA","PARLIAMENT":"13","P_NAME":"PATIALA","STATE_UT":"PUNJAB"},"arcs":[[30,-16,-15,-10,31]]},{"type":"Polygon","properties":{"ac":"109","ASSEMBLY_1":"NABHA (SC)","DISTRICT":"PATIALA","PARLIAMENT":"13","P_NAME":"PATIALA","STATE_UT":"PUNJAB"},"arcs":[[32,33,34,35,36,37,-32,-9,38]]},{"type":"Polygon","properties":{"ac":"108","ASSEMBLY_1":"SANGRUR","DISTRICT":"PATIALA","PARLIAMENT":"13","P_NAME":"SANGRUR","STATE_UT":"PUNJAB"},"arcs":[[-8,39,-6,40,41,42,43,44,-39]]},{"type":"Polygon","properties":{"ac":"107","ASSEMBLY_1":"DHURI","DISTRICT":"PATIALA","PARLIAMENT":"13","P_NAME":"SANGRUR","STATE_UT":"PUNJAB"},"arcs":[[-33,-45,45,46,47,48,49]]},{"type":"Polygon","properties":{"ac":"106","ASSEMBLY_1":"AMARGARH","DISTRICT":"SANGRUR","PARLIAMENT":"8","P_NAME":"FATEHGARH SAHIB (SC)","STATE_UT":"PUNJAB"},"arcs":[[50,-34,-50,51,52,53,54,55]]},{"type":"Polygon","properties":{"ac":"105","ASSEMBLY_1":"MALERKOTLA","DISTRICT":"SANGRUR","PARLIAMENT":"12","P_NAME":"SANGRUR","STATE_UT":"PUNJAB"},"arcs":[[-49,56,57,-52]]},{"type":"Polygon","properties":{"ac":"104","ASSEMBLY_1":"MEHAL KALAN (SC)","DISTRICT":"SANGRUR","PARLIAMENT":"12","P_NAME":"SANGRUR","STATE_UT":"PUNJAB"},"arcs":[[58,59,-57,-48,60,61,62]]},{"type":"Polygon","properties":{"ac":"103","ASSEMBLY_1":"BARNALA","DISTRICT":"SANGRUR","PARLIAMENT":"12","P_NAME":"SANGRUR","STATE_UT":"PUNJAB"},"arcs":[[63,64,65,-61,-47,66]]},{"type":"Polygon","properties":{"ac":"101","ASSEMBLY_1":"SUNAM","DISTRICT":"SANGRUR","PARLIAMENT":"12","P_NAME":"SANGRUR","STATE_UT":"PUNJAB"},"arcs":[[67,-65,68,-67,-46,-44,69,-42,70,71,72]]},{"type":"Polygon","properties":{"ac":"99","ASSEMBLY_1":"LEHRA","DISTRICT":"SANGRUR","PARLIAMENT":"12","P_NAME":"SANGRUR","STATE_UT":"PUNJAB"},"arcs":[[73,74,75,-1]]},{"type":"Polygon","properties":{"ac":"98","ASSEMBLY_1":"BUDHLADA (SC)","DISTRICT":"MANSA","PARLIAMENT":"11","P_NAME":"BATHINDA","STATE_UT":"PUNJAB"},"arcs":[[76,-72,77,-75,78,79]]},{"type":"Polygon","properties":{"ac":"97","ASSEMBLY_1":"SARDULGARH","DISTRICT":"MANSA","PARLIAMENT":"11","P_NAME":"BATHINDA","STATE_UT":"PUNJAB"},"arcs":[[80,81,82,-80,83]]},{"type":"Polygon","properties":{"ac":"96","ASSEMBLY_1":"MANSA","DISTRICT":"MANSA","PARLIAMENT":"11","P_NAME":"BATHINDA","STATE_UT":"PUNJAB"},"arcs":[[-73,-77,-83,84,85]]},{"type":"Polygon","properties":{"ac":"95","ASSEMBLY_1":"MAUR","DISTRICT":"BATHINDA","PARLIAMENT":"11","P_NAME":"BATHINDA","STATE_UT":"PUNJAB"},"arcs":[[86,87,88,89,90,-85,-82]]},{"type":"Polygon","properties":{"ac":"94","ASSEMBLY_1":"TALWANDI SABO","DISTRICT":"BATHINDA","PARLIAMENT":"11","P_NAME":"BATHINDA","STATE_UT":"PUNJAB"},"arcs":[[-81,91,92,-87]]},{"type":"Polygon","properties":{"ac":"93","ASSEMBLY_1":"BATHINDA RURAL (SC)","DISTRICT":"BATHINDA","PARLIAMENT":"11","P_NAME":"BATHINDA","STATE_UT":"PUNJAB"},"arcs":[[93,94,95,96,97,-88,-93,98]]},{"type":"Polygon","properties":{"ac":"92","ASSEMBLY_1":"BATHINDA URBAN","DISTRICT":"BATHINDA","PARLIAMENT":"11","P_NAME":"BATHINDA","STATE_UT":"PUNJAB"},"arcs":[[99,-97]]},{"type":"Polygon","properties":{"ac":"91","ASSEMBLY_1":"BHUCHO MANDI (SC)","DISTRICT":"BATHINDA","PARLIAMENT":"11","P_NAME":"BATHINDA","STATE_UT":"PUNJAB"},"arcs":[[100,101,-89,-98,-100,-96,102]]},{"type":"Polygon","properties":{"ac":"90","ASSEMBLY_1":"RAMPURA PHUL","DISTRICT":"BATHINDA","PARLIAMENT":"9","P_NAME":"FARIDKOT(SC)","STATE_UT":"PUNJAB"},"arcs":[[103,104,105,-90,-102,106]]},{"type":"Polygon","properties":{"ac":"89","ASSEMBLY_1":"JAITU (SC)","DISTRICT":"FARIDKOT","PARLIAMENT":"9","P_NAME":"FARIDKOT(SC)","STATE_UT":"PUNJAB"},"arcs":[[-101,107,108,109,-107]]},{"type":"Polygon","properties":{"ac":"88","ASSEMBLY_1":"KATKAPURA","DISTRICT":"FARIDKOT","PARLIAMENT":"9","P_NAME":"FARIDKOT(SC)","STATE_UT":"PUNJAB"},"arcs":[[-109,110,111,112,113,114]]},{"type":"Polygon","properties":{"ac":"87","ASSEMBLY_1":"FARIDKOT","DISTRICT":"FARIDKOT","PARLIAMENT":"9","P_NAME":"FARIDKOT(SC)","STATE_UT":"PUNJAB"},"arcs":[[115,116,-113,117]]},{"type":"Polygon","properties":{"ac":"86","ASSEMBLY_1":"MUKTSAR","DISTRICT":"MUKTSAR","PARLIAMENT":"10","P_NAME":"FEROZEPUR","STATE_UT":"PUNJAB"},"arcs":[[-118,-112,118,119,120,121]]},{"type":"Polygon","properties":{"ac":"85","ASSEMBLY_1":"MALOUT(SC)","DISTRICT":"MUKTSAR","PARLIAMENT":"10","P_NAME":"FEROZEPUR","STATE_UT":"PUNJAB"},"arcs":[[122,123,124,-120]]},{"type":"Polygon","properties":{"ac":"84","ASSEMBLY_1":"GIDDARBAHA","DISTRICT":"MUKTSAR","PARLIAMENT":"9","P_NAME":"FARIDKOT(SC)","STATE_UT":"PUNJAB"},"arcs":[[-119,-111,-108,-103,-95,125,-123]]},{"type":"Polygon","properties":{"ac":"83","ASSEMBLY_1":"LAMBI","DISTRICT":"MUKTSAR","PARLIAMENT":"11","P_NAME":"BATHINDA","STATE_UT":"PUNJAB"},"arcs":[[126,127,128,-124,-126,-94]]},{"type":"Polygon","properties":{"ac":"82","ASSEMBLY_1":"BALLUANA (SC)","DISTRICT":"FIROZPUR","PARLIAMENT":"10","P_NAME":"FEROZEPUR","STATE_UT":"PUNJAB"},"arcs":[[129,130,131,132,-128]]},{"type":"Polygon","properties":{"ac":"81","ASSEMBLY_1":"ABOHAR","DISTRICT":"FIROZPUR","PARLIAMENT":"10","P_NAME":"FEROZEPUR","STATE_UT":"PUNJAB"},"arcs":[[-131,133,134]]},{"type":"Polygon","properties":{"ac":"80","ASSEMBLY_1":"FAZILKA","DISTRICT":"FIROZPUR","PARLIAMENT":"10","P_NAME":"FEROZEPUR","STATE_UT":"PUNJAB"},"arcs":[[-132,-135,135,136]]},{"type":"Polygon","properties":{"ac":"79","ASSEMBLY_1":"JALALABAD","DISTRICT":"FIROZPUR","PARLIAMENT":"10","P_NAME":"FEROZEPUR","STATE_UT":"PUNJAB"},"arcs":[[137,138,-121,-125,-129,-133,-137]]},{"type":"Polygon","properties":{"ac":"78","ASSEMBLY_1":"GURU HAR SAHAI","DISTRICT":"FIROZPUR","PARLIAMENT":"10","P_NAME":"FEROZEPUR","STATE_UT":"PUNJAB"},"arcs":[[-122,-139,139,140,-116]]},{"type":"Polygon","properties":{"ac":"77","ASSEMBLY_1":"FIROZPUR RURAL (SC)","DISTRICT":"FIROZPUR","PARLIAMENT":"10","P_NAME":"FEROZEPUR","STATE_UT":"PUNJAB"},"arcs":[[141,-114,-117,-141,142,143,144,145]]},{"type":"Polygon","properties":{"ac":"76","ASSEMBLY_1":"FIROZPUR CITY","DISTRICT":"FIROZPUR","PARLIAMENT":"10","P_NAME":"FEROZEPUR","STATE_UT":"PUNJAB"},"arcs":[[-144,146,147,148]]},{"type":"Polygon","properties":{"ac":"75","ASSEMBLY_1":"ZIRA","DISTRICT":"FIROZPUR","PARLIAMENT":"3","P_NAME":"KHANDOOR SAHIB","STATE_UT":"PUNJAB"},"arcs":[[149,150,151,152,-145,-149,153]]},{"type":"Polygon","properties":{"ac":"74","ASSEMBLY_1":"DHARAMKOT","DISTRICT":"MOGA","PARLIAMENT":"9","P_NAME":"FARIDKOT(SC)","STATE_UT":"PUNJAB"},"arcs":[[154,155,156,-152,157]]},{"type":"Polygon","properties":{"ac":"73","ASSEMBLY_1":"MOGA","DISTRICT":"MOGA","PARLIAMENT":"9","P_NAME":"FARIDKOT(SC)","STATE_UT":"PUNJAB"},"arcs":[[-146,-153,-157,158,159]]},{"type":"Polygon","properties":{"ac":"72","ASSEMBLY_1":"BHAGHA PURANA","DISTRICT":"MOGA","PARLIAMENT":"9","P_NAME":"FARIDKOT(SC)","STATE_UT":"PUNJAB"},"arcs":[[-142,-160,160,-104,-110,-115]]},{"type":"Polygon","properties":{"ac":"71","ASSEMBLY_1":"NIHAL SINGHWALA (SC)","DISTRICT":"MOGA","PARLIAMENT":"9","P_NAME":"FARIDKOT(SC)","STATE_UT":"PUNJAB"},"arcs":[[-63,161,-105,-161,-159,-156,162]]},{"type":"Polygon","properties":{"ac":"70","ASSEMBLY_1":"JAGRAON (SC)","DISTRICT":"LUDHIANA","PARLIAMENT":"7","P_NAME":"LUDHIANA","STATE_UT":"PUNJAB"},"arcs":[[-163,-155,163,164,165,-59]]},{"type":"Polygon","properties":{"ac":"69","ASSEMBLY_1":"RAIKOT (SC)","DISTRICT":"LUDHIANA","PARLIAMENT":"8","P_NAME":"FATEHGARH SAHIB (SC)","STATE_UT":"PUNJAB"},"arcs":[[166,-53,-58,-60,-166]]},{"type":"Polygon","properties":{"ac":"68","ASSEMBLY_1":"DAKHA","DISTRICT":"LUDHIANA","PARLIAMENT":"7","P_NAME":"LUDHIANA","STATE_UT":"PUNJAB"},"arcs":[[167,168,169,-54,-167,-165]]},{"type":"Polygon","properties":{"ac":"67","ASSEMBLY_1":"PAYAL (SC)","DISTRICT":"LUDHIANA","PARLIAMENT":"8","P_NAME":"FATEHGARH SAHIB (SC)","STATE_UT":"PUNJAB"},"arcs":[[-56,170,171,172,173,174]]},{"type":"Polygon","properties":{"ac":"66","ASSEMBLY_1":"GILL (SC)","DISTRICT":"LUDHIANA","PARLIAMENT":"7","P_NAME":"LUDHIANA","STATE_UT":"PUNJAB"},"arcs":[[-170,175,176,177,178,179,180,181,182,-171,-55]]},{"type":"Polygon","properties":{"ac":"65","ASSEMBLY_1":"LUDHIANA NORTH","DISTRICT":"LUDHIANA","PARLIAMENT":"7","P_NAME":"LUDHIANA","STATE_UT":"PUNJAB"},"arcs":[[183,-179,184,185,186]]},{"type":"Polygon","properties":{"ac":"64","ASSEMBLY_1":"LUDHIANA WEST","DISTRICT":"LUDHIANA","PARLIAMENT":"7","P_NAME":"LUDHIANA","STATE_UT":"PUNJAB"},"arcs":[[187,188,-180,-184]]},{"type":"Polygon","properties":{"ac":"63","ASSEMBLY_1":"LUDHIANA CENTRAL","DISTRICT":"LUDHIANA","PARLIAMENT":"7","P_NAME":"LUDHIANA","STATE_UT":"PUNJAB"},"arcs":[[-188,-187,189,190,191]]},{"type":"Polygon","properties":{"ac":"62","ASSEMBLY_1":"ATAM NAGAR","DISTRICT":"LUDHIANA","PARLIAMENT":"7","P_NAME":"LUDHIANA","STATE_UT":"PUNJAB"},"arcs":[[-192,192,-181,-189]]},{"type":"Polygon","properties":{"ac":"61","ASSEMBLY_1":"LUDHIANA SOUTH","DISTRICT":"LUDHIANA","PARLIAMENT":"7","P_NAME":"LUDHIANA","STATE_UT":"PUNJAB"},"arcs":[[-191,193,194,-182,-193]]},{"type":"Polygon","properties":{"ac":"60","ASSEMBLY_1":"LUDHIANA EAST","DISTRICT":"LUDHIANA","PARLIAMENT":"7","P_NAME":"LUDHIANA","STATE_UT":"PUNJAB"},"arcs":[[-186,195,-194,-190]]},{"type":"Polygon","properties":{"ac":"59","ASSEMBLY_1":"SAHNEWAL","DISTRICT":"LUDHIANA","PARLIAMENT":"8","P_NAME":"FATEHGARH SAHIB (SC)","STATE_UT":"PUNJAB"},"arcs":[[196,197,-172,-183,-195,-196,-185,-178,198]]},{"type":"Polygon","properties":{"ac":"58","ASSEMBLY_1":"SAMRALA","DISTRICT":"LUDHIANA","PARLIAMENT":"8","P_NAME":"FATEHGARH SAHIB (SC)","STATE_UT":"PUNJAB"},"arcs":[[199,200,201,202,-173,-198,203]]},{"type":"Polygon","properties":{"ac":"57","ASSEMBLY_1":"KHANNA","DISTRICT":"LUDHIANA","PARLIAMENT":"8","P_NAME":"FATEHGARH SAHIB (SC)","STATE_UT":"PUNJAB"},"arcs":[[-203,204,205,-174]]},{"type":"Polygon","properties":{"ac":"55","ASSEMBLY_1":"FATEHGARH SAHIB","DISTRICT":"FATEHGARH SAHIB","PARLIAMENT":"8","P_NAME":"FATEHGARH SAHIB (SC)","STATE_UT":"PUNJAB"},"arcs":[[206,-27,-20,-17,-31,-38,207,-36,208]]},{"type":"Polygon","properties":{"ac":"54","ASSEMBLY_1":"BASSI PATHANA (SC)","DISTRICT":"FATEHGARH SAHIB","PARLIAMENT":"8","P_NAME":"FATEHGARH SAHIB (SC)","STATE_UT":"PUNJAB"},"arcs":[[209,-205,-202,210,211,-28,-207]]},{"type":"Polygon","properties":{"ac":"53","ASSEMBLY_1":"S.A.S.NAGAR","DISTRICT":"RUPNAGAR","PARLIAMENT":"6","P_NAME":"ANANDPUR SAHIB","STATE_UT":"PUNJAB"},"arcs":[[-26,-30,212,213]]},{"type":"Polygon","properties":{"ac":"52","ASSEMBLY_1":"KHARAR","DISTRICT":"RUPNAGAR","PARLIAMENT":"6","P_NAME":"ANANDPUR SAHIB","STATE_UT":"PUNJAB"},"arcs":[[-213,-29,-212,214,215,216]]},{"type":"Polygon","properties":{"ac":"51","ASSEMBLY_1":"CHAMKAUR SAHIB (SC)","DISTRICT":"RUPNAGAR","PARLIAMENT":"6","P_NAME":"ANANDPUR SAHIB","STATE_UT":"PUNJAB"},"arcs":[[217,218,-215,-211,-201]]},{"type":"Polygon","properties":{"ac":"50","ASSEMBLY_1":"RUPNAGAR","DISTRICT":"RUPNAGAR","PARLIAMENT":"6","P_NAME":"ANANDPUR SAHIB","STATE_UT":"PUNJAB"},"arcs":[[-216,-219,219,220,221,222]]},{"type":"Polygon","properties":{"ac":"49","ASSEMBLY_1":"ANANDPUR SAHIB","DISTRICT":"RUPNAGAR","PARLIAMENT":"6","P_NAME":"ANANDPUR SAHIB","STATE_UT":"PUNJAB"},"arcs":[[223,-222,224]]},{"type":"Polygon","properties":{"ac":"48","ASSEMBLY_1":"BALACHAUR","DISTRICT":"NAWAN SHAHR","PARLIAMENT":"6","P_NAME":"ANANDPUR SAHIB","STATE_UT":"PUNJAB"},"arcs":[[-200,225,226,-220,-218]]},{"type":"Polygon","properties":{"ac":"47","ASSEMBLY_1":"NAWAN SHAHR","DISTRICT":"NAWAN SHAHR","PARLIAMENT":"6","P_NAME":"ANANDPUR SAHIB","STATE_UT":"PUNJAB"},"arcs":[[-204,-197,227,228,229,-226]]},{"type":"Polygon","properties":{"ac":"46","ASSEMBLY_1":"BANGA (SC)","DISTRICT":"NAWAN SHAHR","PARLIAMENT":"6","P_NAME":"ANANDPUR SAHIB","STATE_UT":"PUNJAB"},"arcs":[[230,231,232,-229,233]]},{"type":"Polygon","properties":{"ac":"45","ASSEMBLY_1":"GARHSHANKAR","DISTRICT":"HOSHIARPUR","PARLIAMENT":"6","P_NAME":"ANANDPUR SAHIB","STATE_UT":"PUNJAB"},"arcs":[[-221,-227,-230,-233,234,235,-225]]},{"type":"Polygon","properties":{"ac":"44","ASSEMBLY_1":"CHABBEWAL (SC)","DISTRICT":"HOSHIARPUR","PARLIAMENT":"5","P_NAME":"HOSHIARPUR(SC)","STATE_UT":"PUNJAB"},"arcs":[[236,237,238,239,240,-235,-232]]},{"type":"Polygon","properties":{"ac":"43","ASSEMBLY_1":"HOSHIARPUR","DISTRICT":"HOSHIARPUR","PARLIAMENT":"5","P_NAME":"HOSHIARPUR(SC)","STATE_UT":"PUNJAB"},"arcs":[[-240,241,242]]},{"type":"Polygon","properties":{"ac":"42","ASSEMBLY_1":"SHAM CHAURASI (SC)","DISTRICT":"HOSHIARPUR","PARLIAMENT":"5","P_NAME":"HOSHIARPUR(SC)","STATE_UT":"PUNJAB"},"arcs":[[243,244,-242,-239,245,246]]},{"type":"Polygon","properties":{"ac":"41","ASSEMBLY_1":"URMAR","DISTRICT":"HOSHIARPUR","PARLIAMENT":"5","P_NAME":"HOSHIARPUR(SC)","STATE_UT":"PUNJAB"},"arcs":[[247,248,249,-247,250]]},{"type":"Polygon","properties":{"ac":"40","ASSEMBLY_1":"DASUA","DISTRICT":"HOSHIARPUR","PARLIAMENT":"5","P_NAME":"HOSHIARPUR(SC)","STATE_UT":"PUNJAB"},"arcs":[[-244,-250,251,252,253,254]]},{"type":"Polygon","properties":{"ac":"39","ASSEMBLY_1":"MUKERIAN","DISTRICT":"HOSHIARPUR","PARLIAMENT":"5","P_NAME":"HOSHIARPUR(SC)","STATE_UT":"PUNJAB"},"arcs":[[255,-254,256,257]]},{"type":"Polygon","properties":{"ac":"38","ASSEMBLY_1":"ADAMPUR (SC)","DISTRICT":"JALANDHAR","PARLIAMENT":"4","P_NAME":"JALANDHAR(SC)","STATE_UT":"PUNJAB"},"arcs":[[258,259,260,261,262,263,-251,-246,-238]]},{"type":"Polygon","properties":{"ac":"37","ASSEMBLY_1":"JALANDHAR CANTT.","DISTRICT":"JALANDHAR","PARLIAMENT":"4","P_NAME":"JALANDHAR(SC)","STATE_UT":"PUNJAB"},"arcs":[[-260,264,265,266,267,268,269]]},{"type":"Polygon","properties":{"ac":"36","ASSEMBLY_1":"JALANDHAR NORTH","DISTRICT":"JALANDHAR","PARLIAMENT":"4","P_NAME":"JALANDHAR(SC)","STATE_UT":"PUNJAB"},"arcs":[[270,271,272,-262]]},{"type":"Polygon","properties":{"ac":"35","ASSEMBLY_1":"JALANDHAR CENTRAL","DISTRICT":"JALANDHAR","PARLIAMENT":"4","P_NAME":"JALANDHAR(SC)","STATE_UT":"PUNJAB"},"arcs":[[-271,-261,-270,273]]},{"type":"Polygon","properties":{"ac":"34","ASSEMBLY_1":"JALANDHAR WEST (SC)","DISTRICT":"JALANDHAR","PARLIAMENT":"4","P_NAME":"JALANDHAR(SC)","STATE_UT":"PUNJAB"},"arcs":[[-274,-269,274,-272]]},{"type":"Polygon","properties":{"ac":"33","ASSEMBLY_1":"KARTARPUR (SC)","DISTRICT":"JALANDHAR","PARLIAMENT":"4","P_NAME":"JALANDHAR(SC)","STATE_UT":"PUNJAB"},"arcs":[[275,276,-263,-273,-275,-268,277]]},{"type":"Polygon","properties":{"ac":"32","ASSEMBLY_1":"SHAHKOT","DISTRICT":"JALANDHAR","PARLIAMENT":"4","P_NAME":"JALANDHAR(SC)","STATE_UT":"PUNJAB"},"arcs":[[-164,-158,-151,278,279,280,-168]]},{"type":"Polygon","properties":{"ac":"31","ASSEMBLY_1":"NAKODAR","DISTRICT":"JALANDHAR","PARLIAMENT":"4","P_NAME":"JALANDHAR(SC)","STATE_UT":"PUNJAB"},"arcs":[[-267,281,-176,-169,-281,282,-278]]},{"type":"Polygon","properties":{"ac":"30","ASSEMBLY_1":"PHILLAUR (SC)","DISTRICT":"JALANDHAR","PARLIAMENT":"4","P_NAME":"JALANDHAR(SC)","STATE_UT":"PUNJAB"},"arcs":[[-234,-228,-199,-177,-282,-266,283]]},{"type":"Polygon","properties":{"ac":"29","ASSEMBLY_1":"PHAGWARA (SC)","DISTRICT":"KAPURTHALA","PARLIAMENT":"5","P_NAME":"HOSHIARPUR(SC)","STATE_UT":"PUNJAB"},"arcs":[[-284,-265,-259,-237,-231]]},{"type":"Polygon","properties":{"ac":"28","ASSEMBLY_1":"SULTANPUR LODHI","DISTRICT":"KAPURTHALA","PARLIAMENT":"3","P_NAME":"KHANDOOR SAHIB","STATE_UT":"PUNJAB"},"arcs":[[-150,284,285,286,287,288,-279]]},{"type":"Polygon","properties":{"ac":"27","ASSEMBLY_1":"KAPURTHALA","DISTRICT":"KAPURTHALA","PARLIAMENT":"3","P_NAME":"KHANDOOR SAHIB","STATE_UT":"PUNJAB"},"arcs":[[-276,-283,-280,-289,289]]},{"type":"Polygon","properties":{"ac":"26","ASSEMBLY_1":"BHOLATH","DISTRICT":"KAPURTHALA","PARLIAMENT":"5","P_NAME":"HOSHIARPUR(SC)","STATE_UT":"PUNJAB"},"arcs":[[290,-248,-264,-277,-290,-288,291]]},{"type":"Polygon","properties":{"ac":"25","ASSEMBLY_1":"BABA BAKALA (SC)","DISTRICT":"AMRITSAR","PARLIAMENT":"3","P_NAME":"KHANDOOR SAHIB","STATE_UT":"PUNJAB"},"arcs":[[-287,292,293,294,-292]]},{"type":"Polygon","properties":{"ac":"24","ASSEMBLY_1":"KHADOOR SAHIB","DISTRICT":"AMRITSAR","PARLIAMENT":"3","P_NAME":"KHANDOOR SAHIB","STATE_UT":"PUNJAB"},"arcs":[[-293,-286,295,296,297,298]]},{"type":"Polygon","properties":{"ac":"23","ASSEMBLY_1":"PATTI","DISTRICT":"AMRITSAR","PARLIAMENT":"3","P_NAME":"KHANDOOR SAHIB","STATE_UT":"PUNJAB"},"arcs":[[-154,-148,299,300,-296,-285]]},{"type":"Polygon","properties":{"ac":"22","ASSEMBLY_1":"KHEM KARAN","DISTRICT":"AMRITSAR","PARLIAMENT":"3","P_NAME":"KHANDOOR SAHIB","STATE_UT":"PUNJAB"},"arcs":[[-297,-301,301,302]]},{"type":"Polygon","properties":{"ac":"21","ASSEMBLY_1":"TARN TARAN","DISTRICT":"AMRITSAR","PARLIAMENT":"3","P_NAME":"KHANDOOR SAHIB","STATE_UT":"PUNJAB"},"arcs":[[-298,-303,303,304,305]]},{"type":"Polygon","properties":{"ac":"20","ASSEMBLY_1":"ATTARI (SC)","DISTRICT":"AMRITSAR","PARLIAMENT":"2","P_NAME":"AMRITSAR","STATE_UT":"PUNJAB"},"arcs":[[306,-305,307,308,309,310,311,312,313,314,315]]},{"type":"Polygon","properties":{"ac":"19","ASSEMBLY_1":"AMRITSAR SOUTH","DISTRICT":"AMRITSAR","PARLIAMENT":"2","P_NAME":"AMRITSAR","STATE_UT":"PUNJAB"},"arcs":[[316,-315,317,318]]},{"type":"Polygon","properties":{"ac":"18","ASSEMBLY_1":"AMRITSAR EAST","DISTRICT":"AMRITSAR","PARLIAMENT":"2","P_NAME":"AMRITSAR","STATE_UT":"PUNJAB"},"arcs":[[319,320,-312,321,-316,-317]]},{"type":"Polygon","properties":{"ac":"17","ASSEMBLY_1":"AMRITSAR CENTRAL","DISTRICT":"AMRITSAR","PARLIAMENT":"2","P_NAME":"AMRITSAR","STATE_UT":"PUNJAB"},"arcs":[[-320,-319,322,323]]},{"type":"Polygon","properties":{"ac":"16","ASSEMBLY_1":"AMRITSAR WEST (SC)","DISTRICT":"AMRITSAR","PARLIAMENT":"2","P_NAME":"AMRITSAR","STATE_UT":"PUNJAB"},"arcs":[[-323,-318,-314,324]]},{"type":"Polygon","properties":{"ac":"15","ASSEMBLY_1":"AMRITSAR NORTH","DISTRICT":"AMRITSAR","PARLIAMENT":"2","P_NAME":"AMRITSAR","STATE_UT":"PUNJAB"},"arcs":[[-324,-325,-313,-321]]},{"type":"Polygon","properties":{"ac":"14","ASSEMBLY_1":"JANDIALA (SC)","DISTRICT":"AMRITSAR","PARLIAMENT":"3","P_NAME":"KHANDOOR SAHIB","STATE_UT":"PUNJAB"},"arcs":[[-307,-322,-311,325,326,-294,-299,-306]]},{"type":"Polygon","properties":{"ac":"13","ASSEMBLY_1":"MAJITHA","DISTRICT":"AMRITSAR","PARLIAMENT":"2","P_NAME":"AMRITSAR","STATE_UT":"PUNJAB"},"arcs":[[327,328,-326,-310,329,330]]},{"type":"Polygon","properties":{"ac":"12","ASSEMBLY_1":"RAJA SANSI","DISTRICT":"AMRITSAR","PARLIAMENT":"2","P_NAME":"AMRITSAR","STATE_UT":"PUNJAB"},"arcs":[[-330,-309,331,332]]},{"type":"Polygon","properties":{"ac":"11","ASSEMBLY_1":"AJNALA","DISTRICT":"AMRITSAR","PARLIAMENT":"2","P_NAME":"AMRITSAR","STATE_UT":"PUNJAB"},"arcs":[[333,334,335,-331,-333]]},{"type":"Polygon","properties":{"ac":"10","ASSEMBLY_1":"DERA BABA NANAK","DISTRICT":"GURDASPUR","PARLIAMENT":"1","P_NAME":"GURDASPUR","STATE_UT":"PUNJAB"},"arcs":[[336,337,338,339,-335,340,341]]},{"type":"Polygon","properties":{"ac":"9","ASSEMBLY_1":"FATEHGARH CHURIAN","DISTRICT":"GURDASPUR","PARLIAMENT":"1","P_NAME":"GURDASPUR","STATE_UT":"PUNJAB"},"arcs":[[-336,-340,342,343,-328]]},{"type":"Polygon","properties":{"ac":"8","ASSEMBLY_1":"SRI HARGOBINDPUR (SC)","DISTRICT":"GURDASPUR","PARLIAMENT":"5","P_NAME":"HOSHIARPUR(SC)","STATE_UT":"PUNJAB"},"arcs":[[-252,-249,-291,-295,-327,-329,-344,344,345]]},{"type":"Polygon","properties":{"ac":"7","ASSEMBLY_1":"BATALA","DISTRICT":"GURDASPUR","PARLIAMENT":"1","P_NAME":"GURDASPUR","STATE_UT":"PUNJAB"},"arcs":[[-345,-343,-339,346]]},{"type":"Polygon","properties":{"ac":"6","ASSEMBLY_1":"QADIAN","DISTRICT":"GURDASPUR","PARLIAMENT":"1","P_NAME":"GURDASPUR","STATE_UT":"PUNJAB"},"arcs":[[347,-257,-253,-346,-347,-338,348]]},{"type":"Polygon","properties":{"ac":"5","ASSEMBLY_1":"DINA NAGAR (SC)","DISTRICT":"GURDASPUR","PARLIAMENT":"1","P_NAME":"GURDASPUR","STATE_UT":"PUNJAB"},"arcs":[[349,350,351,-258,-348,352,-342]]},{"type":"Polygon","properties":{"ac":"4","ASSEMBLY_1":"GURDASPUR","DISTRICT":"GURDASPUR","PARLIAMENT":"1","P_NAME":"GURDASPUR","STATE_UT":"PUNJAB"},"arcs":[[-349,-337,-353]]},{"type":"Polygon","properties":{"ac":"3","ASSEMBLY_1":"PATHANKOT","DISTRICT":"GURDASPUR","PARLIAMENT":"1","P_NAME":"GURDASPUR","STATE_UT":"PUNJAB"},"arcs":[[353,354,-352,355]]},{"type":"Polygon","properties":{"ac":"2","ASSEMBLY_1":"BHOA  (SC)","DISTRICT":"GURDASPUR","PARLIAMENT":"1","P_NAME":"GURDASPUR","STATE_UT":"PUNJAB"},"arcs":[[356,-356,-351,357]]},{"type":"Polygon","properties":{"ac":"1","ASSEMBLY_1":"SUJANPUR","DISTRICT":"GURDASPUR","PARLIAMENT":"1","P_NAME":"GURDASPUR","STATE_UT":"PUNJAB"},"arcs":[[-354,-357,358]]},{"type":"Polygon","properties":{"ac":"100","ASSEMBLY_1":"DIRBA (SC)","DISTRICT":"SANGRUR","PARLIAMENT":"12","P_NAME":"SANGRUR","STATE_UT":"PUNJAB"},"arcs":[[-41,-5,-2,-76,-78,-71],[-43,-70],[-7,-40]]},{"type":"Polygon","properties":{"ac":"102","ASSEMBLY_1":"BHADAUR (SC)","DISTRICT":"SANGRUR","PARLIAMENT":"12","P_NAME":"SANGRUR","STATE_UT":"PUNJAB"},"arcs":[[-86,-91,-106,-162,-62,-66,-68],[68,63]]},{"type":"Polygon","properties":{"ac":"56","ASSEMBLY_1":"AMLOH","DISTRICT":"FATEHGARH SAHIB","PARLIAMENT":"8","P_NAME":"FATEHGARH SAHIB (SC)","STATE_UT":"PUNJAB"},"arcs":[[-175,-206,-210,-209,-35,-51],[36,207]]}]}},"arcs":[[[7251,890],[80,155],[-189,-39],[-26,84],[-107,-2],[-24,76],[-122,53],[57,133]],[[6920,1350],[103,57],[-86,130],[103,105],[67,127],[92,-1],[72,131],[-35,30]],[[7236,1929],[-18,62],[71,153],[179,-91],[-25,-64],[83,-88],[59,57]],[[7585,1958],[200,-90],[-179,-235],[57,-20],[-88,-82],[47,-198],[-82,6],[18,-190],[133,-11],[55,-54],[-157,-79],[-90,-88],[-163,-75],[-85,48]],[[7236,1929],[-112,68]],[[7124,1997],[1,19]],[[7125,2016],[-22,65]],[[7103,2081],[-19,66],[88,135],[75,-11],[180,96],[39,-47],[114,155]],[[7580,2475],[102,36],[54,173]],[[7736,2684],[-43,48],[125,79],[238,-54],[-5,-175],[58,-79]],[[8109,2503],[123,-96]],[[8232,2407],[-104,-83],[83,-132],[-91,3],[-168,-190],[78,-7]],[[8030,1998],[67,-57],[-68,-60],[-273,40],[-127,122],[-44,-85]],[[8380,2622],[83,-86],[-145,-42],[-86,-87]],[[8109,2503],[192,34],[79,85]],[[8380,2622],[-69,79],[71,195],[-59,81]],[[8323,2977],[129,119],[97,-23]],[[8549,3073],[-33,-79],[91,12],[70,-105],[-93,-64],[30,-97],[-60,-62],[51,-116],[289,-37],[98,-36]],[[8992,2489],[-44,-69],[-202,-21],[-11,-113],[103,84],[206,-164],[-38,-169],[-307,-240],[-106,-21],[-34,68],[-127,11],[-18,120],[-65,34],[-21,166],[-126,-48],[66,-85],[-38,-99],[-85,-2],[-51,76],[-64,-19]],[[8549,3073],[-11,136]],[[8538,3209],[84,-50],[59,-150],[98,-68],[166,42],[101,-37],[-7,223],[-133,-59],[9,125],[84,48],[139,-130],[189,3],[52,-82]],[[9379,3074],[-11,-142]],[[9368,2932],[-124,-104],[37,-93],[89,-18],[-78,-90],[-115,-37],[-56,-73],[-129,-28]],[[9582,3763],[54,36],[49,-99],[90,77],[-12,-127],[61,-11],[117,-124],[-36,-161],[-57,-35],[115,-51],[-26,-104],[-61,-14],[-12,-175],[45,-99],[90,-31],[-144,-130],[-74,167],[-104,82],[-80,-72],[-90,9],[-74,79],[-65,-48]],[[9379,3074],[102,163],[-108,60],[65,174],[-24,83]],[[9414,3554],[69,133],[72,-9],[27,85]],[[8538,3209],[17,181],[63,-53],[51,84],[139,9],[47,85]],[[8855,3515],[140,75]],[[8995,3590],[29,21]],[[9024,3611],[74,-142],[79,-48],[85,67],[44,-59],[108,125]],[[8001,3141],[57,-101],[63,31],[103,-68],[71,51],[28,-77]],[[7736,2684],[-196,62],[22,234],[49,80],[144,50],[73,-67],[79,98],[94,0]],[[6870,2714],[129,96]],[[6999,2810],[79,147],[133,74],[-81,74],[79,172]],[[7209,3277],[120,31],[42,-70],[310,175],[26,-77],[76,56]],[[7783,3392],[23,-10]],[[7806,3382],[125,-40]],[[7931,3342],[70,-201]],[[7580,2475],[-115,107],[-327,-12],[-60,66],[-91,-29],[-99,32],[-18,75]],[[7103,2081],[22,-65]],[[7124,1997],[-33,-39],[-110,59]],[[6981,2017],[27,20]],[[7008,2037],[-53,56]],[[6955,2093],[-114,71],[-145,-11],[21,81],[-90,116],[-26,-73],[-77,17],[-122,-63],[-81,41],[23,86],[-109,12],[-13,91]],[[6222,2461],[159,8],[110,65],[37,76],[88,14],[15,-112],[129,-23],[110,225]],[[6222,2461],[-160,-57]],[[6062,2404],[-181,45],[-85,156],[105,53],[-25,96]],[[5876,2754],[146,37],[187,-57],[-29,99],[-141,130],[50,142],[107,57]],[[6196,3162],[68,-29],[36,-192],[129,37]],[[6429,2978],[263,0],[116,51],[119,-114],[-28,-115],[100,10]],[[7192,3379],[17,-102]],[[6429,2978],[104,124],[-42,48],[102,85],[-74,249],[-50,-7],[28,-138],[-126,51],[-13,91],[-127,92]],[[6231,3573],[36,28],[-113,111]],[[6154,3712],[168,-3],[61,79]],[[6383,3788],[41,-33]],[[6424,3755],[105,-9],[51,-93],[-66,-28],[46,-91],[94,-3],[61,-132],[294,155],[26,-85],[157,-90]],[[6196,3162],[-159,58],[-24,97],[-69,31],[-95,-76],[-100,87],[75,215],[-32,31]],[[5792,3605],[50,51],[132,-29],[54,-73],[117,65],[86,-46]],[[4988,3424],[195,77]],[[5183,3501],[235,-34],[35,130],[246,-62],[93,70]],[[5876,2754],[-46,167],[-77,54],[-251,25],[-90,-101],[-105,20],[-50,-97],[-108,3]],[[5149,2825],[-15,76],[-74,-22],[-1,170],[-140,53],[78,82],[-19,73]],[[4978,3257],[45,45],[-35,122]],[[5713,2248],[-31,103],[-68,16],[-28,-113]],[[5586,2254],[-10,6]],[[5576,2260],[-58,104],[-90,-5],[-11,132],[-94,-14],[-131,96],[-60,198],[17,54]],[[6062,2404],[-136,-136],[-122,17],[-91,-37]],[[5545,1986],[-62,180],[93,94]],[[5586,2254],[127,-6]],[[6955,2093],[53,-56]],[[6981,2017],[-115,28],[-72,-71],[-85,136],[-221,-136],[69,-31],[-183,-130],[-134,-54],[-77,52],[-101,-91],[-221,-20],[-88,29]],[[5753,1729],[-17,19]],[[5736,1748],[62,131],[-106,106],[-147,1]],[[7251,890],[-160,-206],[-124,7],[-102,-62],[-125,0],[-121,74],[-109,-11],[-143,209],[-78,-28],[-79,59],[-149,-46]],[[6061,886],[123,86],[-55,85],[30,191]],[[6159,1248],[80,1],[80,191],[75,-22],[69,73],[131,-26],[19,63],[108,-9],[-16,-175],[215,6]],[[5369,1494],[74,74],[87,-35],[129,27],[77,188]],[[5753,1729],[-1,-114],[131,29],[30,-104],[-126,-83],[-40,-157],[108,-86],[115,83],[189,-49]],[[6061,886],[-66,-11],[-27,-175],[-102,57],[-135,0],[-40,-88],[-162,-8],[-23,70],[-164,26],[-201,110],[-81,-110]],[[5060,757],[6,124],[-85,98],[-88,24],[123,143],[221,108],[-42,57],[162,113],[12,70]],[[4273,957],[88,74],[-8,70],[-92,15],[-50,132],[72,178]],[[4283,1426],[139,-67],[61,76],[89,-8]],[[4572,1427],[168,115],[28,122],[88,-85],[9,-147],[210,-6],[92,29],[32,82],[101,42],[69,-85]],[[5060,757],[-73,-45],[-61,-164],[-148,-79],[56,-94],[-108,37],[-33,-125],[-89,-98],[79,-48],[-45,-88],[-221,-53],[-40,118],[34,80],[-156,76],[-47,130],[98,39],[30,164],[108,71],[-109,144],[11,113],[-73,22]],[[4572,1427],[-4,76],[78,48],[-138,5],[0,272],[133,31],[181,110],[-27,53],[76,145]],[[4871,2167],[180,-45],[121,34],[118,-151],[89,-33],[166,14]],[[4283,1426],[-61,116],[-90,68],[-140,34],[-55,116],[-133,8]],[[3804,1768],[8,62],[227,-42],[-50,147],[-99,40]],[[3890,1975],[151,133],[65,-26],[274,276]],[[4380,2358],[234,257],[88,-30]],[[4702,2585],[8,-85],[136,-60],[25,-273]],[[4273,957],[-75,-57],[-45,-143],[-55,95],[-114,1],[56,67],[-84,74],[74,79],[-4,79],[-82,48],[-39,-110],[-91,9],[-155,-85],[-66,108],[-86,41],[-88,150],[-98,-34],[-13,96],[-103,-33],[-156,104]],[[3049,1446],[-20,82],[93,138],[49,-48],[102,38],[-13,78],[192,43],[235,-39],[117,30]],[[2719,1361],[33,145],[-65,58],[28,105],[-89,65],[25,79],[-114,-8],[-10,107]],[[2527,1912],[48,57],[142,8],[100,74],[-68,47],[27,199],[92,99]],[[2868,2396],[125,14],[97,-52],[112,23],[39,-76],[94,-37]],[[3335,2268],[-97,-87],[6,-88],[88,-9],[47,-73],[277,45],[25,76]],[[3681,2132],[99,6],[-84,-99],[91,-121],[103,57]],[[3049,1446],[-81,-62],[-165,-48],[-84,25]],[[3335,2268],[188,71],[158,-207]],[[3092,2760],[101,-50],[65,45],[184,-63],[133,93],[223,-54],[38,46]],[[3836,2777],[123,105],[275,-212],[15,-74],[-79,-50],[-122,75],[31,-135],[102,-135],[56,47],[139,12],[4,-52]],[[2868,2396],[-81,65],[185,102],[-256,44],[68,39],[193,-69],[115,183]],[[3688,3091],[172,51],[76,87],[147,-17],[-22,130],[129,53]],[[4190,3395],[79,-231],[239,50],[104,-35]],[[4612,3179],[-113,-148],[142,-133],[26,-147],[86,-2],[-51,-164]],[[3836,2777],[-97,113],[31,102],[69,-12],[-151,111]],[[3092,2760],[-217,-14],[9,130],[-66,93],[89,77]],[[2907,3046],[72,-24],[79,63],[0,93],[150,9],[-12,116],[91,119],[8,194],[96,93]],[[3391,3709],[130,-14],[-5,-277],[-122,-19],[-42,-119],[77,-28],[59,101],[148,-82],[-1,-152],[53,-28]],[[2907,3046],[-221,81]],[[2686,3127],[67,130],[-129,56],[-120,134]],[[2504,3447],[107,71],[97,-3],[74,113],[183,-159],[44,74],[-38,260],[56,143],[58,20]],[[3085,3966],[135,-62],[161,-14]],[[3381,3890],[10,-181]],[[2046,3664],[-66,22],[-44,230],[366,183],[68,3]],[[2370,4102],[92,79],[75,-62],[418,-23],[130,-130]],[[2504,3447],[-157,155],[-301,62]],[[2686,3127],[-66,-181],[-145,65],[-94,-67],[53,-99],[-35,-74],[-147,5]],[[2252,2776],[-155,100],[-102,-54],[-146,62],[0,159],[-92,84],[-116,-9]],[[1641,3118],[76,191]],[[1717,3309],[82,-27],[117,252],[76,28],[-23,74],[77,28]],[[2252,2776],[50,-186],[-100,-76],[-238,23],[151,-181],[-86,-29],[137,-86],[178,13],[-26,-73],[109,-147]],[[2427,2034],[-57,-8],[-74,-131],[2,-129],[-201,-18],[-102,69],[49,98],[-160,71],[43,197],[-155,49],[100,73],[-53,74],[-139,6],[-86,90],[-151,88]],[[1443,2563],[-41,132],[27,62],[125,-25],[-2,70],[-340,79],[256,68],[60,121],[113,48]],[[2527,1912],[-100,122]],[[2719,1361],[-180,-172],[21,-56],[-184,8],[-226,110],[-267,35]],[[1883,1286],[-86,171],[129,12],[-49,85],[-133,39],[-147,162],[56,81],[106,-51],[-137,187],[-127,39],[68,255],[-233,-20],[-85,50]],[[1245,2296],[70,86],[53,-32],[19,139],[56,74]],[[1883,1286],[-510,53],[-794,57]],[[579,1396],[-1,149],[58,96],[-65,50],[10,168],[59,5],[18,105],[135,-60],[212,20],[-67,-139],[122,-13],[55,229],[-131,8],[-80,97],[-93,-51],[-387,92]],[[424,2152],[-33,94],[98,22],[51,91],[176,25],[128,88]],[[844,2472],[115,53],[70,-70],[-13,-85],[229,-74]],[[579,1396],[-530,13],[-33,85],[57,189],[227,218]],[[300,1901],[100,57],[24,194]],[[300,1901],[5,207],[-34,256],[-199,289],[-72,39],[271,200],[17,54],[-123,-10],[0,171],[102,-92],[75,158],[104,10],[-26,60],[127,26],[56,-63],[83,102]],[[686,3308],[123,-115],[157,-89],[-63,-42],[17,-113],[-82,-25],[-152,67],[148,-163],[-178,-138],[55,-29],[-112,-190],[65,-33],[144,139],[36,-105]],[[686,3308],[28,204],[64,-20],[27,82],[132,47]],[[937,3621],[121,-90],[147,-48],[236,-25],[-31,-76],[51,-94],[48,51],[208,-30]],[[937,3621],[170,144],[39,97],[182,40],[-79,123],[155,46],[-41,34],[98,169],[188,42]],[[1649,4316],[51,-56],[-33,-149],[124,-11],[69,154],[187,29],[39,-100],[284,-81]],[[3441,4063],[-60,-173]],[[1649,4316],[-38,108],[176,51],[7,108],[106,81],[208,32]],[[2108,4696],[-14,-82],[122,11],[1,-161],[164,-82],[94,33],[-7,111],[162,11],[70,133],[117,85],[-28,160],[245,-52]],[[3034,4863],[-57,-102],[81,-114],[-8,-73],[188,-155],[151,-77],[102,14]],[[3491,4356],[6,-173],[-56,-120]],[[2108,4696],[147,236],[115,-42],[235,23],[95,48],[24,139]],[[2724,5100],[35,-40],[174,-6],[17,54],[121,-6]],[[3071,5102],[38,-82],[-75,-157]],[[3508,5246],[178,-84],[10,81],[99,55],[113,-52]],[[3908,5246],[-4,-56],[113,-32],[15,-79]],[[4032,5079],[-190,-61],[33,-68],[-136,43],[-4,-55],[148,-78],[-5,-162],[-185,-183],[-27,-68]],[[3666,4447],[-175,-91]],[[3071,5102],[10,49],[119,19],[144,99],[164,-23]],[[4817,4758],[74,-252],[95,-59],[-108,-124]],[[4878,4323],[-200,58],[-97,-118],[-96,1],[-26,-80],[103,16],[10,-89],[-139,31],[-76,-42],[-12,-133]],[[4345,3967],[-72,28],[-16,147],[80,-29],[-7,100],[-161,36],[10,99],[-146,54],[-322,-3],[-45,48]],[[4032,5079],[182,1],[257,-150],[150,-28],[36,-99],[160,-45]],[[4345,3967],[-57,-46],[72,-124],[-73,-34]],[[4287,3763],[-43,40],[-172,8],[-82,190],[-179,70],[-277,-43],[-93,35]],[[4287,3763],[-31,-132],[-92,-66],[86,-30],[10,-80],[-70,-60]],[[4978,3257],[-133,-59],[-161,65],[-72,-84]],[[4878,4323],[12,-116],[60,-39],[-78,-329],[18,-283],[56,12],[42,-144]],[[4817,4758],[453,-54]],[[5270,4704],[-100,-186],[46,-88],[147,-74],[3,127],[145,-33],[-14,-96],[52,-108],[-294,-155],[118,-68],[-68,-111],[196,-13]],[[5501,3899],[-101,-156],[-116,6],[-105,-79],[4,-169]],[[5501,3899],[128,195],[219,17],[67,96],[-16,-162],[70,-87],[122,14],[83,-158],[-92,-68],[72,-34]],[[5270,4704],[261,28]],[[5531,4732],[91,-28],[163,45]],[[5785,4749],[58,-73],[-4,-152],[103,10],[57,63],[109,-68],[-27,-105],[70,2],[28,-177],[-39,-45],[130,-110],[3,-139],[-65,-77],[116,-41],[3,68],[95,-52],[-39,-65]],[[6424,3755],[66,96],[112,-45],[97,61],[-27,69],[109,214]],[[6781,4150],[96,-34],[209,184],[83,-107]],[[7169,4193],[-19,-45]],[[7150,4148],[13,-246],[80,23],[-5,-164],[-109,-88],[-10,-79],[190,-88]],[[7309,3506],[-40,-124],[-77,-3]],[[5785,4749],[91,28]],[[5876,4777],[258,85],[83,-57],[132,12]],[[6349,4817],[69,-147]],[[6418,4670],[-127,-107]],[[6291,4563],[-92,-68],[17,-71],[137,-42]],[[6353,4382],[147,-54]],[[6500,4328],[112,-76],[77,33]],[[6689,4285],[92,-135]],[[6453,4539],[-162,24]],[[6418,4670],[94,-85]],[[6512,4585],[2,-6]],[[6514,4579],[-61,-40]],[[6453,4539],[14,-53]],[[6467,4486],[-114,-104]],[[6514,4579],[74,-118]],[[6588,4461],[-78,-11]],[[6510,4450],[-43,36]],[[6510,4450],[50,-69],[-60,-53]],[[6588,4461],[166,-138]],[[6754,4323],[-65,-38]],[[6512,4585],[75,46],[147,-185],[64,-38],[-44,-85]],[[6765,4859],[176,-51],[160,6],[277,-29]],[[7378,4785],[27,-64],[-76,-46],[86,-84],[-246,-398]],[[6349,4817],[65,33],[173,-10],[61,42],[117,-23]],[[7758,4803],[47,-39],[119,41]],[[7924,4805],[44,-202],[-7,-165]],[[7961,4438],[-68,-31],[25,-104],[-77,-39],[-24,-159],[105,-70],[-91,-85]],[[7831,3950],[-105,147],[-4,-85],[-139,-93],[-128,-14],[-7,101],[-117,-54],[-100,23],[-81,173]],[[7378,4785],[237,66],[143,-48]],[[7831,3950],[62,-57]],[[7893,3893],[77,-81],[-186,-55],[-130,46],[-130,-76],[-21,44],[-90,-138],[-120,-82],[16,-45]],[[8059,3820],[91,8],[100,-96],[143,-62],[223,17],[130,-51],[109,-121]],[[7931,3342],[-82,90],[-43,-50]],[[7783,3392],[76,63],[7,111],[99,65],[15,98],[79,91]],[[8059,3820],[-20,59],[-146,14]],[[7961,4438],[145,-14],[226,-177],[50,-196],[77,-34],[154,25],[46,-141],[125,-115]],[[8784,3786],[191,-130],[20,-66]],[[9024,3611],[39,65],[-63,87],[56,23],[-17,121],[88,39],[2,173],[143,-45]],[[9272,4074],[-57,-34],[117,-210],[221,-87],[29,20]],[[8784,3786],[112,-1],[-1,117],[68,31],[-36,84],[-98,6],[-18,104],[-72,20],[-16,166],[112,49],[131,158]],[[8966,4520],[366,114]],[[9332,4634],[143,-108],[-3,-99],[105,-110],[86,-34],[63,-132],[-61,-94],[-88,-5],[-138,120],[-167,-98]],[[7924,4805],[177,-67],[281,8]],[[8382,4746],[268,-172],[53,125],[48,-105],[215,-74]],[[8382,4746],[214,34],[18,43],[-175,147],[-97,132],[-32,145],[-129,79],[-158,266]],[[8023,5592],[-23,109]],[[8000,5701],[104,28],[87,-116],[115,-48],[45,69],[118,31],[-10,-103],[84,-30],[144,-144],[-59,-77],[76,-68],[92,4],[7,-97],[-77,-147],[190,6]],[[8916,5009],[36,-164],[191,-112],[145,-20],[44,-79]],[[7867,5845],[60,108],[111,11],[-46,187],[142,45],[14,85],[87,-145],[-35,-19],[224,-280],[60,14],[73,-119],[84,-30],[73,65],[-7,-94],[116,84],[103,-96],[-84,-84],[132,14],[62,-54],[-147,-101],[-3,-182],[112,-31],[-82,-214]],[[8000,5701],[-133,144]],[[7758,4803],[20,149],[-64,167],[-167,139]],[[7547,5258],[44,25],[-28,153],[81,59],[78,144],[202,-107],[99,60]],[[6765,4859],[-35,138]],[[6730,4997],[123,-16],[28,-74],[89,-19],[18,217],[135,34],[18,80],[-104,115],[55,203]],[[7092,5537],[116,28],[45,-152],[127,-96],[167,-59]],[[6225,5467],[80,78],[148,44],[-50,160],[108,-53],[-17,-71],[115,42],[-45,57]],[[6564,5724],[174,-6],[29,-56],[131,2]],[[6898,5664],[102,12],[92,-139]],[[6730,4997],[-161,334],[-131,82],[-213,54]],[[6898,5664],[129,24],[-18,143],[-79,-5],[-96,113],[20,124],[118,-59],[94,48],[157,-89],[57,7],[65,-113],[10,99],[88,11]],[[7443,5967],[61,-22],[22,-114],[341,14]],[[6564,5724],[-122,65],[120,152],[-107,31],[-41,68],[-94,-36],[-94,25]],[[6226,6029],[-15,40],[126,90],[-5,54]],[[6332,6213],[82,23],[28,158],[61,5]],[[6503,6399],[155,-42],[131,70],[86,0],[-3,-82],[115,-54],[125,167],[146,68]],[[7258,6526],[123,-245],[93,-128],[-75,-73],[44,-113]],[[6503,6399],[-11,113],[54,93],[228,218],[11,138],[150,105]],[[6935,7066],[37,-124],[265,-356],[21,-60]],[[6521,7549],[191,-53]],[[6712,7496],[76,-116],[147,-314]],[[6332,6213],[-136,153],[-137,79],[-118,135],[-59,173]],[[5882,6753],[215,25],[68,93],[-178,-19],[-55,49],[32,128],[62,-11],[-8,-96],[113,31],[-53,96],[138,96],[-8,87],[199,38],[85,90],[29,189]],[[5599,6789],[-86,35],[16,67],[-134,-3],[-183,45]],[[5212,6933],[73,166],[127,119]],[[5412,7218],[217,-57],[-29,145],[134,48],[39,-96],[39,74],[63,-43],[237,206],[43,-79],[121,159],[-1,-73],[246,47]],[[5882,6753],[-135,70],[-148,-34]],[[5412,7218],[6,113]],[[5418,7331],[100,12],[15,259],[-60,97]],[[5473,7699],[112,-45],[265,59],[37,37],[185,23],[-129,129],[7,91],[127,-12],[156,32],[69,-170],[55,-25],[77,92],[200,-16]],[[6634,7894],[225,-404],[-147,6]],[[5624,8314],[59,-45],[166,39],[268,-117],[193,-148],[133,-19],[191,-130]],[[5473,7699],[-2,110],[-71,71],[20,70]],[[5420,7950],[79,113],[-59,104],[73,6],[111,141]],[[6226,6029],[-104,-136],[-170,60],[62,-82],[-120,-12],[44,-101],[-77,-11]],[[5861,5747],[-41,34]],[[5820,5781],[12,144]],[[5832,5925],[8,113]],[[5840,6038],[-5,115],[-190,87],[-42,139],[108,49],[-59,107],[112,45],[41,93],[-161,-48],[-21,51]],[[5623,6676],[-24,113]],[[5861,5747],[-1,-170],[78,45],[41,-79],[-82,-85],[65,-101]],[[5962,5357],[-101,-88],[-10,71],[-107,-65]],[[5744,5275],[-133,27],[63,72],[-54,135],[-130,23],[-97,-62],[-28,81]],[[5365,5551],[-24,77],[126,-36],[1,104]],[[5468,5696],[138,-31],[70,118]],[[5676,5783],[144,-2]],[[5832,5925],[-154,-7],[-53,-55]],[[5625,5863],[-123,17]],[[5502,5880],[4,124],[92,-43],[63,136],[134,-77],[45,18]],[[5676,5783],[-51,80]],[[5468,5696],[84,124],[-50,60]],[[5164,5580],[95,110],[-115,45],[-15,97],[125,28],[81,223],[-75,37],[-126,-46],[1,161]],[[5135,6235],[67,42],[-89,131],[50,45],[115,-26],[77,-73],[6,190],[91,14],[118,124],[53,-6]],[[5365,5551],[-179,-8],[-22,37]],[[3908,5246],[180,86],[186,-3],[81,64],[54,-98],[140,-15],[13,124],[227,151]],[[4789,5555],[65,-6]],[[4854,5549],[73,-147],[-97,-1],[-16,-126],[71,22],[78,-113],[8,-87],[169,-12],[111,34],[35,-65],[108,-19],[1,-198],[67,0],[69,-105]],[[5744,5275],[65,-68],[66,-257],[1,-173]],[[4854,5549],[169,65],[24,-65],[117,31]],[[5962,5357],[210,-15],[53,125]],[[3508,5246],[127,37]],[[3635,5283],[198,115],[97,230]],[[3930,5628],[129,194],[43,-25],[200,412],[103,-36],[10,62]],[[4415,6235],[196,-98]],[[4611,6137],[188,-59],[-86,-174],[73,-53],[-48,-56],[-36,-195],[87,-45]],[[4611,6137],[86,109],[99,-10],[95,84],[24,-45],[114,51],[106,-91]],[[4982,6743],[93,109],[137,81]],[[4415,6235],[179,136],[109,186],[279,186]],[[3930,5628],[-136,37],[43,70],[-78,88],[-128,47],[137,173],[-66,187],[-2,96],[147,93],[-20,53]],[[3827,6472],[140,97],[124,42],[79,-20],[32,93],[112,35],[59,107],[98,-37],[152,48],[24,85]],[[4647,6922],[238,-85],[97,-94]],[[3635,5283],[-134,80],[0,126],[-139,103],[-1,107],[56,98],[-50,34],[15,119],[-100,-8],[-180,-125]],[[3102,5817],[-99,11],[-7,147],[-52,39]],[[2944,6014],[59,63],[156,8],[-21,147],[113,37],[27,-107],[85,3],[32,71],[92,-34],[-40,118],[27,119]],[[3474,6439],[52,-40],[84,93],[217,-20]],[[2724,5100],[-50,61]],[[2674,5161],[-1,94],[173,8],[133,252],[-85,110],[95,48],[120,0],[-7,144]],[[2674,5161],[-279,34],[5,-146],[-170,0],[-10,110],[-125,51],[-17,146],[71,219],[-37,84],[90,195],[10,109],[114,52],[49,127],[183,15]],[[2558,6157],[62,-34],[122,50],[119,-96],[-30,-94],[113,31]],[[2558,6157],[-5,109],[-134,116]],[[2419,6382],[49,85],[159,84],[107,-16],[70,74],[209,25],[90,-110],[73,-20],[148,81],[56,-98],[99,-4]],[[3479,6483],[-5,-44]],[[3517,6753],[134,-24],[9,-137],[-79,2],[-102,-111]],[[2419,6382],[-122,23],[127,112],[10,96],[-210,153],[-33,103]],[[2191,6869],[150,17],[69,-91],[239,20],[6,-51],[165,68],[77,69],[2,157],[51,36],[29,-95],[109,64],[-15,122],[198,23]],[[3271,7208],[341,-21],[-10,-110],[167,29],[21,-68]],[[3790,7038],[-109,-45],[-110,-133],[-116,31]],[[3455,6891],[97,96],[-80,17],[-62,-62]],[[3410,6942],[-174,3]],[[3236,6945],[7,81],[-137,-68],[-155,-129],[114,-97]],[[3065,6732],[49,-42],[143,25],[164,-34],[79,54]],[[3500,6735],[17,18]],[[3300,6798],[200,-63]],[[3065,6732],[142,45]],[[3207,6777],[93,21]],[[3300,6798],[-4,47]],[[3296,6845],[114,97]],[[3455,6891],[62,-138]],[[3207,6777],[24,71]],[[3231,6848],[65,-3]],[[3236,6945],[-5,-97]],[[3790,7038],[64,-65],[146,8],[41,-73],[87,23],[262,-63],[142,187]],[[4532,7055],[139,-52],[-24,-81]],[[3589,7502],[4,-38],[178,-22],[61,-60],[99,15],[114,-80],[-46,-64],[247,-32],[86,-62]],[[4332,7159],[-30,-51],[106,-84],[124,31]],[[3271,7208],[41,42]],[[3312,7250],[109,34],[94,222],[74,-4]],[[2191,6869],[-39,124],[-168,140],[266,116],[-28,62],[42,170],[81,46],[59,130],[110,8]],[[2514,7665],[87,-99],[294,-110],[101,-102],[-176,-51],[223,-70],[115,-1],[28,105],[113,-16],[13,-71]],[[2514,7665],[154,107],[113,-14],[84,53],[233,66],[58,99],[178,104],[-20,48],[129,-2]],[[3443,8126],[63,-119],[-62,-110],[174,-26],[-257,-126],[85,-131]],[[3446,7614],[143,-112]],[[4575,8276],[-34,-111],[70,-101],[-85,-122],[147,-142]],[[4673,7800],[29,-104],[146,-2],[0,-63],[97,-124]],[[4945,7507],[-162,-29],[-152,51]],[[4631,7529],[-103,82],[-160,38],[-1,39],[-168,42],[-182,-48],[-196,44],[-74,113],[-16,-75],[-130,-36],[-17,-91],[-60,33],[-78,-56]],[[3443,8126],[84,64],[121,-70],[206,9],[306,128],[136,-37],[73,44],[13,115],[143,-75]],[[4525,8304],[50,-28]],[[4631,7529],[-21,-56],[-122,-28],[-57,55],[-155,26],[-1,-186],[74,-62],[90,5]],[[4439,7283],[-107,-124]],[[4439,7283],[215,40],[49,-102],[137,107],[253,-52],[-19,111]],[[5074,7387],[285,44],[47,69],[12,-169]],[[4945,7507],[0,-62],[129,-58]],[[5249,7922],[171,28]],[[4673,7800],[315,105],[69,-19],[-32,-187],[183,-12],[41,235]],[[4525,8304],[103,91],[-13,63],[119,144],[13,146]],[[4747,8748],[236,-75],[135,-121],[119,18],[80,-42],[259,-33]],[[5576,8495],[-5,-108],[53,-73]],[[5249,7922],[33,153],[-100,25],[-79,-65],[5,183],[-71,14],[-42,106],[-122,-14],[4,74],[-106,-121],[-38,84],[-158,-85]],[[5974,9096],[41,-153]],[[6015,8943],[-170,-42],[-93,-76],[9,-178],[122,-33],[7,-107],[-266,-193]],[[5576,8495],[13,112],[-113,18],[50,107],[-59,59],[94,21],[27,129],[154,31],[232,124]],[[5390,9044],[122,50],[43,-39],[81,73],[-26,-100],[60,-48],[183,136],[121,-20]],[[4747,8748],[105,12],[51,74],[-30,136],[-144,56],[57,170],[272,-67],[189,54],[99,-216],[44,77]],[[5390,9044],[24,143],[65,72],[153,73],[180,27],[205,102],[106,198],[191,37],[216,303],[-66,-186],[14,-73],[201,-169],[37,-124],[-174,-47],[-89,-67],[-336,-367],[-102,-23]]],"transform":{"scale":[0.0003050798366072555,0.00030184492899235923],"translate":[73.89928870251626,29.525876448305066]}}